"LOCATION","INDICATOR","SUBJECT","MEASURE","FREQUENCY","TIME","Value","Flag Codes"
"AUS","HRWKD","TOT","HR_WKD","A","1979",1832.08,
"AUS","HRWKD","TOT","HR_WKD","A","1980",1830.3,
"AUS","HRWKD","TOT","HR_WKD","A","1981",1816.26,
"AUS","HRWKD","TOT","HR_WKD","A","1982",1792.05,
"AUS","HRWKD","TOT","HR_WKD","A","1983",1778.37,
"AUS","HRWKD","TOT","HR_WKD","A","1984",1800.57,
"AUS","HRWKD","TOT","HR_WKD","A","1985",1792.94,
"AUS","HRWKD","TOT","HR_WKD","A","1986",1797.23,
"AUS","HRWKD","TOT","HR_WKD","A","1987",1794.89,
"AUS","HRWKD","TOT","HR_WKD","A","1988",1793.04,
"AUS","HRWKD","TOT","HR_WKD","A","1989",1806.19,
"AUS","HRWKD","TOT","HR_WKD","A","1990",1788.28,
"AUS","HRWKD","TOT","HR_WKD","A","1991",1773.5,
"AUS","HRWKD","TOT","HR_WKD","A","1992",1772.44,
"AUS","HRWKD","TOT","HR_WKD","A","1993",1790.94,
"AUS","HRWKD","TOT","HR_WKD","A","1994",1799.62,
"AUS","HRWKD","TOT","HR_WKD","A","1995",1798.92,
"AUS","HRWKD","TOT","HR_WKD","A","1996",1792.1,
"AUS","HRWKD","TOT","HR_WKD","A","1997",1790.49,
"AUS","HRWKD","TOT","HR_WKD","A","1998",1776.63,
"AUS","HRWKD","TOT","HR_WKD","A","1999",1781.45,
"AUS","HRWKD","TOT","HR_WKD","A","2000",1779.63,
"AUS","HRWKD","TOT","HR_WKD","A","2001",1746.37,
"AUS","HRWKD","TOT","HR_WKD","A","2002",1741.82,
"AUS","HRWKD","TOT","HR_WKD","A","2003",1735.1,
"AUS","HRWKD","TOT","HR_WKD","A","2004",1733.74,
"AUS","HRWKD","TOT","HR_WKD","A","2005",1732.26,
"AUS","HRWKD","TOT","HR_WKD","A","2006",1721.66,
"AUS","HRWKD","TOT","HR_WKD","A","2007",1722.64,
"AUS","HRWKD","TOT","HR_WKD","A","2008",1720.88,
"AUS","HRWKD","TOT","HR_WKD","A","2009",1692.33,
"AUS","HRWKD","TOT","HR_WKD","A","2010",1699.94,
"AUS","HRWKD","TOT","HR_WKD","A","2011",1699.92,
"AUS","HRWKD","TOT","HR_WKD","A","2012",1692.55,
"AUS","HRWKD","TOT","HR_WKD","A","2013",1689.38,
"AUS","HRWKD","TOT","HR_WKD","A","2014",1683.27,
"AUS","HRWKD","TOT","HR_WKD","A","2015",1683.55,
"AUS","HRWKD","TOT","HR_WKD","A","2016",1673.4,
"AUS","HRWKD","TOT","HR_WKD","A","2017",1674.9,
"AUS","HRWKD","TOT","HR_WKD","A","2018",1665.04,
"AUT","HRWKD","TOT","HR_WKD","A","1995",1658,
"AUT","HRWKD","TOT","HR_WKD","A","1996",1689,
"AUT","HRWKD","TOT","HR_WKD","A","1997",1697,
"AUT","HRWKD","TOT","HR_WKD","A","1998",1677,
"AUT","HRWKD","TOT","HR_WKD","A","1999",1680,
"AUT","HRWKD","TOT","HR_WKD","A","2000",1681,
"AUT","HRWKD","TOT","HR_WKD","A","2001",1669,
"AUT","HRWKD","TOT","HR_WKD","A","2002",1666,
"AUT","HRWKD","TOT","HR_WKD","A","2003",1658,
"AUT","HRWKD","TOT","HR_WKD","A","2004",1660,
"AUT","HRWKD","TOT","HR_WKD","A","2005",1638,
"AUT","HRWKD","TOT","HR_WKD","A","2006",1622,
"AUT","HRWKD","TOT","HR_WKD","A","2007",1612,
"AUT","HRWKD","TOT","HR_WKD","A","2008",1605,
"AUT","HRWKD","TOT","HR_WKD","A","2009",1564,
"AUT","HRWKD","TOT","HR_WKD","A","2010",1557,
"AUT","HRWKD","TOT","HR_WKD","A","2011",1562,
"AUT","HRWKD","TOT","HR_WKD","A","2012",1540,
"AUT","HRWKD","TOT","HR_WKD","A","2013",1525,
"AUT","HRWKD","TOT","HR_WKD","A","2014",1516,
"AUT","HRWKD","TOT","HR_WKD","A","2015",1500,
"AUT","HRWKD","TOT","HR_WKD","A","2016",1512,
"AUT","HRWKD","TOT","HR_WKD","A","2017",1511,
"AUT","HRWKD","TOT","HR_WKD","A","2018",1511,
"BEL","HRWKD","TOT","HR_WKD","A","1970",1883.16,
"BEL","HRWKD","TOT","HR_WKD","A","1971",1873.42,
"BEL","HRWKD","TOT","HR_WKD","A","1972",1847.49,
"BEL","HRWKD","TOT","HR_WKD","A","1973",1820.08,
"BEL","HRWKD","TOT","HR_WKD","A","1974",1791.9,
"BEL","HRWKD","TOT","HR_WKD","A","1975",1782.67,
"BEL","HRWKD","TOT","HR_WKD","A","1976",1785.45,
"BEL","HRWKD","TOT","HR_WKD","A","1977",1759.77,
"BEL","HRWKD","TOT","HR_WKD","A","1978",1742.99,
"BEL","HRWKD","TOT","HR_WKD","A","1979",1726.57,
"BEL","HRWKD","TOT","HR_WKD","A","1980",1706.53,
"BEL","HRWKD","TOT","HR_WKD","A","1981",1683.39,
"BEL","HRWKD","TOT","HR_WKD","A","1982",1668.97,
"BEL","HRWKD","TOT","HR_WKD","A","1983",1674.93,
"BEL","HRWKD","TOT","HR_WKD","A","1984",1699,
"BEL","HRWKD","TOT","HR_WKD","A","1985",1705.02,
"BEL","HRWKD","TOT","HR_WKD","A","1986",1684.96,
"BEL","HRWKD","TOT","HR_WKD","A","1987",1669.92,
"BEL","HRWKD","TOT","HR_WKD","A","1988",1657.88,
"BEL","HRWKD","TOT","HR_WKD","A","1989",1648.85,
"BEL","HRWKD","TOT","HR_WKD","A","1990",1662.9,
"BEL","HRWKD","TOT","HR_WKD","A","1991",1625.79,
"BEL","HRWKD","TOT","HR_WKD","A","1992",1602.72,
"BEL","HRWKD","TOT","HR_WKD","A","1993",1558.59,
"BEL","HRWKD","TOT","HR_WKD","A","1994",1558.59,
"BEL","HRWKD","TOT","HR_WKD","A","1995",1584.67,
"BEL","HRWKD","TOT","HR_WKD","A","1996",1558.59,
"BEL","HRWKD","TOT","HR_WKD","A","1997",1571.63,
"BEL","HRWKD","TOT","HR_WKD","A","1998",1582.66,
"BEL","HRWKD","TOT","HR_WKD","A","1999",1582,
"BEL","HRWKD","TOT","HR_WKD","A","2000",1595,
"BEL","HRWKD","TOT","HR_WKD","A","2001",1588,
"BEL","HRWKD","TOT","HR_WKD","A","2002",1583,
"BEL","HRWKD","TOT","HR_WKD","A","2003",1578,
"BEL","HRWKD","TOT","HR_WKD","A","2004",1573,
"BEL","HRWKD","TOT","HR_WKD","A","2005",1565,
"BEL","HRWKD","TOT","HR_WKD","A","2006",1572,
"BEL","HRWKD","TOT","HR_WKD","A","2007",1577,
"BEL","HRWKD","TOT","HR_WKD","A","2008",1570,
"BEL","HRWKD","TOT","HR_WKD","A","2009",1548,
"BEL","HRWKD","TOT","HR_WKD","A","2010",1546,
"BEL","HRWKD","TOT","HR_WKD","A","2011",1560,
"BEL","HRWKD","TOT","HR_WKD","A","2012",1560,
"BEL","HRWKD","TOT","HR_WKD","A","2013",1558,
"BEL","HRWKD","TOT","HR_WKD","A","2014",1545,
"BEL","HRWKD","TOT","HR_WKD","A","2015",1545,
"BEL","HRWKD","TOT","HR_WKD","A","2016",1545,
"BEL","HRWKD","TOT","HR_WKD","A","2017",1545,
"BEL","HRWKD","TOT","HR_WKD","A","2018",1545,
"CAN","HRWKD","TOT","HR_WKD","A","1961",2059,
"CAN","HRWKD","TOT","HR_WKD","A","1962",2058,
"CAN","HRWKD","TOT","HR_WKD","A","1963",2041,
"CAN","HRWKD","TOT","HR_WKD","A","1964",2033,
"CAN","HRWKD","TOT","HR_WKD","A","1965",2016,
"CAN","HRWKD","TOT","HR_WKD","A","1966",2001,
"CAN","HRWKD","TOT","HR_WKD","A","1967",1993,
"CAN","HRWKD","TOT","HR_WKD","A","1968",1958,
"CAN","HRWKD","TOT","HR_WKD","A","1969",1943,
"CAN","HRWKD","TOT","HR_WKD","A","1970",1925,
"CAN","HRWKD","TOT","HR_WKD","A","1971",1912,
"CAN","HRWKD","TOT","HR_WKD","A","1972",1904,
"CAN","HRWKD","TOT","HR_WKD","A","1973",1898,
"CAN","HRWKD","TOT","HR_WKD","A","1974",1891,
"CAN","HRWKD","TOT","HR_WKD","A","1975",1872,
"CAN","HRWKD","TOT","HR_WKD","A","1976",1862,
"CAN","HRWKD","TOT","HR_WKD","A","1977",1834,
"CAN","HRWKD","TOT","HR_WKD","A","1978",1836,
"CAN","HRWKD","TOT","HR_WKD","A","1979",1841,
"CAN","HRWKD","TOT","HR_WKD","A","1980",1827,
"CAN","HRWKD","TOT","HR_WKD","A","1981",1812,
"CAN","HRWKD","TOT","HR_WKD","A","1982",1789,
"CAN","HRWKD","TOT","HR_WKD","A","1983",1779,
"CAN","HRWKD","TOT","HR_WKD","A","1984",1789,
"CAN","HRWKD","TOT","HR_WKD","A","1985",1795,
"CAN","HRWKD","TOT","HR_WKD","A","1986",1797,
"CAN","HRWKD","TOT","HR_WKD","A","1987",1807,
"CAN","HRWKD","TOT","HR_WKD","A","1988",1808,
"CAN","HRWKD","TOT","HR_WKD","A","1989",1802,
"CAN","HRWKD","TOT","HR_WKD","A","1990",1797,
"CAN","HRWKD","TOT","HR_WKD","A","1991",1775,
"CAN","HRWKD","TOT","HR_WKD","A","1992",1772,
"CAN","HRWKD","TOT","HR_WKD","A","1993",1769,
"CAN","HRWKD","TOT","HR_WKD","A","1994",1778,
"CAN","HRWKD","TOT","HR_WKD","A","1995",1775,
"CAN","HRWKD","TOT","HR_WKD","A","1996",1790,
"CAN","HRWKD","TOT","HR_WKD","A","1997",1798,
"CAN","HRWKD","TOT","HR_WKD","A","1998",1794,
"CAN","HRWKD","TOT","HR_WKD","A","1999",1793,
"CAN","HRWKD","TOT","HR_WKD","A","2000",1787,
"CAN","HRWKD","TOT","HR_WKD","A","2001",1774,
"CAN","HRWKD","TOT","HR_WKD","A","2002",1755,
"CAN","HRWKD","TOT","HR_WKD","A","2003",1745,
"CAN","HRWKD","TOT","HR_WKD","A","2004",1755,
"CAN","HRWKD","TOT","HR_WKD","A","2005",1745,
"CAN","HRWKD","TOT","HR_WKD","A","2006",1744,
"CAN","HRWKD","TOT","HR_WKD","A","2007",1744,
"CAN","HRWKD","TOT","HR_WKD","A","2008",1741,
"CAN","HRWKD","TOT","HR_WKD","A","2009",1712,
"CAN","HRWKD","TOT","HR_WKD","A","2010",1715,
"CAN","HRWKD","TOT","HR_WKD","A","2011",1713,
"CAN","HRWKD","TOT","HR_WKD","A","2012",1722,
"CAN","HRWKD","TOT","HR_WKD","A","2013",1716,
"CAN","HRWKD","TOT","HR_WKD","A","2014",1710,
"CAN","HRWKD","TOT","HR_WKD","A","2015",1712,
"CAN","HRWKD","TOT","HR_WKD","A","2016",1706,
"CAN","HRWKD","TOT","HR_WKD","A","2017",1695,
"CAN","HRWKD","TOT","HR_WKD","A","2018",1708,
"CZE","HRWKD","TOT","HR_WKD","A","1993",1857,
"CZE","HRWKD","TOT","HR_WKD","A","1994",1839,
"CZE","HRWKD","TOT","HR_WKD","A","1995",1858,
"CZE","HRWKD","TOT","HR_WKD","A","1996",1853,
"CZE","HRWKD","TOT","HR_WKD","A","1997",1858,
"CZE","HRWKD","TOT","HR_WKD","A","1998",1877,
"CZE","HRWKD","TOT","HR_WKD","A","1999",1894,
"CZE","HRWKD","TOT","HR_WKD","A","2000",1896,
"CZE","HRWKD","TOT","HR_WKD","A","2001",1818,
"CZE","HRWKD","TOT","HR_WKD","A","2002",1817,
"CZE","HRWKD","TOT","HR_WKD","A","2003",1806,
"CZE","HRWKD","TOT","HR_WKD","A","2004",1817,
"CZE","HRWKD","TOT","HR_WKD","A","2005",1817,
"CZE","HRWKD","TOT","HR_WKD","A","2006",1799,
"CZE","HRWKD","TOT","HR_WKD","A","2007",1784,
"CZE","HRWKD","TOT","HR_WKD","A","2008",1790,
"CZE","HRWKD","TOT","HR_WKD","A","2009",1779,
"CZE","HRWKD","TOT","HR_WKD","A","2010",1800,
"CZE","HRWKD","TOT","HR_WKD","A","2011",1806,
"CZE","HRWKD","TOT","HR_WKD","A","2012",1776,
"CZE","HRWKD","TOT","HR_WKD","A","2013",1763,
"CZE","HRWKD","TOT","HR_WKD","A","2014",1777,
"CZE","HRWKD","TOT","HR_WKD","A","2015",1756,
"CZE","HRWKD","TOT","HR_WKD","A","2016",1779,
"CZE","HRWKD","TOT","HR_WKD","A","2017",1784,
"CZE","HRWKD","TOT","HR_WKD","A","2018",1792,
"DNK","HRWKD","TOT","HR_WKD","A","1970",1845,
"DNK","HRWKD","TOT","HR_WKD","A","1971",1810,
"DNK","HRWKD","TOT","HR_WKD","A","1972",1752,
"DNK","HRWKD","TOT","HR_WKD","A","1973",1710,
"DNK","HRWKD","TOT","HR_WKD","A","1974",1691,
"DNK","HRWKD","TOT","HR_WKD","A","1975",1617,
"DNK","HRWKD","TOT","HR_WKD","A","1976",1624,
"DNK","HRWKD","TOT","HR_WKD","A","1977",1598,
"DNK","HRWKD","TOT","HR_WKD","A","1978",1575,
"DNK","HRWKD","TOT","HR_WKD","A","1979",1564,
"DNK","HRWKD","TOT","HR_WKD","A","1980",1577,
"DNK","HRWKD","TOT","HR_WKD","A","1981",1546,
"DNK","HRWKD","TOT","HR_WKD","A","1982",1553,
"DNK","HRWKD","TOT","HR_WKD","A","1983",1546,
"DNK","HRWKD","TOT","HR_WKD","A","1984",1541,
"DNK","HRWKD","TOT","HR_WKD","A","1985",1527,
"DNK","HRWKD","TOT","HR_WKD","A","1986",1531,
"DNK","HRWKD","TOT","HR_WKD","A","1987",1493,
"DNK","HRWKD","TOT","HR_WKD","A","1988",1471,
"DNK","HRWKD","TOT","HR_WKD","A","1989",1455,
"DNK","HRWKD","TOT","HR_WKD","A","1990",1441,
"DNK","HRWKD","TOT","HR_WKD","A","1991",1437,
"DNK","HRWKD","TOT","HR_WKD","A","1992",1452,
"DNK","HRWKD","TOT","HR_WKD","A","1993",1449,
"DNK","HRWKD","TOT","HR_WKD","A","1994",1407,
"DNK","HRWKD","TOT","HR_WKD","A","1995",1419,
"DNK","HRWKD","TOT","HR_WKD","A","1996",1412,
"DNK","HRWKD","TOT","HR_WKD","A","1997",1428,
"DNK","HRWKD","TOT","HR_WKD","A","1998",1441,
"DNK","HRWKD","TOT","HR_WKD","A","1999",1456,
"DNK","HRWKD","TOT","HR_WKD","A","2000",1466,
"DNK","HRWKD","TOT","HR_WKD","A","2001",1469,
"DNK","HRWKD","TOT","HR_WKD","A","2002",1463,
"DNK","HRWKD","TOT","HR_WKD","A","2003",1458,
"DNK","HRWKD","TOT","HR_WKD","A","2004",1458,
"DNK","HRWKD","TOT","HR_WKD","A","2005",1451,
"DNK","HRWKD","TOT","HR_WKD","A","2006",1456,
"DNK","HRWKD","TOT","HR_WKD","A","2007",1433,
"DNK","HRWKD","TOT","HR_WKD","A","2008",1430,
"DNK","HRWKD","TOT","HR_WKD","A","2009",1417,
"DNK","HRWKD","TOT","HR_WKD","A","2010",1422,
"DNK","HRWKD","TOT","HR_WKD","A","2011",1437,
"DNK","HRWKD","TOT","HR_WKD","A","2012",1423,
"DNK","HRWKD","TOT","HR_WKD","A","2013",1426,
"DNK","HRWKD","TOT","HR_WKD","A","2014",1414,
"DNK","HRWKD","TOT","HR_WKD","A","2015",1407,
"DNK","HRWKD","TOT","HR_WKD","A","2016",1412,
"DNK","HRWKD","TOT","HR_WKD","A","2017",1405,
"DNK","HRWKD","TOT","HR_WKD","A","2018",1392,
"FIN","HRWKD","TOT","HR_WKD","A","1960",1967,
"FIN","HRWKD","TOT","HR_WKD","A","1961",1966,
"FIN","HRWKD","TOT","HR_WKD","A","1962",1959,
"FIN","HRWKD","TOT","HR_WKD","A","1963",1956,
"FIN","HRWKD","TOT","HR_WKD","A","1964",1980,
"FIN","HRWKD","TOT","HR_WKD","A","1965",1980,
"FIN","HRWKD","TOT","HR_WKD","A","1966",1957,
"FIN","HRWKD","TOT","HR_WKD","A","1967",1940,
"FIN","HRWKD","TOT","HR_WKD","A","1968",1925,
"FIN","HRWKD","TOT","HR_WKD","A","1969",1907,
"FIN","HRWKD","TOT","HR_WKD","A","1970",1892,
"FIN","HRWKD","TOT","HR_WKD","A","1971",1858,
"FIN","HRWKD","TOT","HR_WKD","A","1972",1843,
"FIN","HRWKD","TOT","HR_WKD","A","1973",1828,
"FIN","HRWKD","TOT","HR_WKD","A","1974",1822,
"FIN","HRWKD","TOT","HR_WKD","A","1975",1813,
"FIN","HRWKD","TOT","HR_WKD","A","1976",1810,
"FIN","HRWKD","TOT","HR_WKD","A","1977",1802,
"FIN","HRWKD","TOT","HR_WKD","A","1978",1807,
"FIN","HRWKD","TOT","HR_WKD","A","1979",1784,
"FIN","HRWKD","TOT","HR_WKD","A","1980",1765,
"FIN","HRWKD","TOT","HR_WKD","A","1981",1770,
"FIN","HRWKD","TOT","HR_WKD","A","1982",1756,
"FIN","HRWKD","TOT","HR_WKD","A","1983",1740,
"FIN","HRWKD","TOT","HR_WKD","A","1984",1731,
"FIN","HRWKD","TOT","HR_WKD","A","1985",1731,
"FIN","HRWKD","TOT","HR_WKD","A","1986",1711,
"FIN","HRWKD","TOT","HR_WKD","A","1987",1716,
"FIN","HRWKD","TOT","HR_WKD","A","1988",1724,
"FIN","HRWKD","TOT","HR_WKD","A","1989",1720,
"FIN","HRWKD","TOT","HR_WKD","A","1990",1688,
"FIN","HRWKD","TOT","HR_WKD","A","1991",1668,
"FIN","HRWKD","TOT","HR_WKD","A","1992",1673,
"FIN","HRWKD","TOT","HR_WKD","A","1993",1675,
"FIN","HRWKD","TOT","HR_WKD","A","1994",1694,
"FIN","HRWKD","TOT","HR_WKD","A","1995",1695,
"FIN","HRWKD","TOT","HR_WKD","A","1996",1694,
"FIN","HRWKD","TOT","HR_WKD","A","1997",1684,
"FIN","HRWKD","TOT","HR_WKD","A","1998",1674,
"FIN","HRWKD","TOT","HR_WKD","A","1999",1677,
"FIN","HRWKD","TOT","HR_WKD","A","2000",1663,
"FIN","HRWKD","TOT","HR_WKD","A","2001",1644,
"FIN","HRWKD","TOT","HR_WKD","A","2002",1636,
"FIN","HRWKD","TOT","HR_WKD","A","2003",1628,
"FIN","HRWKD","TOT","HR_WKD","A","2004",1629,
"FIN","HRWKD","TOT","HR_WKD","A","2005",1620,
"FIN","HRWKD","TOT","HR_WKD","A","2006",1616,
"FIN","HRWKD","TOT","HR_WKD","A","2007",1614,
"FIN","HRWKD","TOT","HR_WKD","A","2008",1608,
"FIN","HRWKD","TOT","HR_WKD","A","2009",1585,
"FIN","HRWKD","TOT","HR_WKD","A","2010",1592,
"FIN","HRWKD","TOT","HR_WKD","A","2011",1587,
"FIN","HRWKD","TOT","HR_WKD","A","2012",1575,
"FIN","HRWKD","TOT","HR_WKD","A","2013",1565,
"FIN","HRWKD","TOT","HR_WKD","A","2014",1562,
"FIN","HRWKD","TOT","HR_WKD","A","2015",1563,
"FIN","HRWKD","TOT","HR_WKD","A","2016",1560,
"FIN","HRWKD","TOT","HR_WKD","A","2017",1556,
"FIN","HRWKD","TOT","HR_WKD","A","2018",1555,
"FRA","HRWKD","TOT","HR_WKD","A","1950",2351,
"FRA","HRWKD","TOT","HR_WKD","A","1951",2360,
"FRA","HRWKD","TOT","HR_WKD","A","1952",2339,
"FRA","HRWKD","TOT","HR_WKD","A","1953",2313,
"FRA","HRWKD","TOT","HR_WKD","A","1954",2316,
"FRA","HRWKD","TOT","HR_WKD","A","1955",2292,
"FRA","HRWKD","TOT","HR_WKD","A","1956",2236,
"FRA","HRWKD","TOT","HR_WKD","A","1957",2200,
"FRA","HRWKD","TOT","HR_WKD","A","1958",2179,
"FRA","HRWKD","TOT","HR_WKD","A","1959",2179,
"FRA","HRWKD","TOT","HR_WKD","A","1960",2188,
"FRA","HRWKD","TOT","HR_WKD","A","1961",2165,
"FRA","HRWKD","TOT","HR_WKD","A","1962",2178,
"FRA","HRWKD","TOT","HR_WKD","A","1963",2159,
"FRA","HRWKD","TOT","HR_WKD","A","1964",2166,
"FRA","HRWKD","TOT","HR_WKD","A","1965",2153,
"FRA","HRWKD","TOT","HR_WKD","A","1966",2145,
"FRA","HRWKD","TOT","HR_WKD","A","1967",2110,
"FRA","HRWKD","TOT","HR_WKD","A","1968",2087,
"FRA","HRWKD","TOT","HR_WKD","A","1969",2012,
"FRA","HRWKD","TOT","HR_WKD","A","1970",1993,
"FRA","HRWKD","TOT","HR_WKD","A","1971",1990,
"FRA","HRWKD","TOT","HR_WKD","A","1972",1937,
"FRA","HRWKD","TOT","HR_WKD","A","1973",1920,
"FRA","HRWKD","TOT","HR_WKD","A","1974",1888,
"FRA","HRWKD","TOT","HR_WKD","A","1975",1863,
"FRA","HRWKD","TOT","HR_WKD","A","1976",1889,
"FRA","HRWKD","TOT","HR_WKD","A","1977",1850,
"FRA","HRWKD","TOT","HR_WKD","A","1978",1819,
"FRA","HRWKD","TOT","HR_WKD","A","1979",1816,
"FRA","HRWKD","TOT","HR_WKD","A","1980",1806,
"FRA","HRWKD","TOT","HR_WKD","A","1981",1786,
"FRA","HRWKD","TOT","HR_WKD","A","1982",1714,
"FRA","HRWKD","TOT","HR_WKD","A","1983",1696,
"FRA","HRWKD","TOT","HR_WKD","A","1984",1690,
"FRA","HRWKD","TOT","HR_WKD","A","1985",1654,
"FRA","HRWKD","TOT","HR_WKD","A","1986",1648,
"FRA","HRWKD","TOT","HR_WKD","A","1987",1659,
"FRA","HRWKD","TOT","HR_WKD","A","1988",1667,
"FRA","HRWKD","TOT","HR_WKD","A","1989",1651,
"FRA","HRWKD","TOT","HR_WKD","A","1990",1645,
"FRA","HRWKD","TOT","HR_WKD","A","1991",1638,
"FRA","HRWKD","TOT","HR_WKD","A","1992",1635,
"FRA","HRWKD","TOT","HR_WKD","A","1993",1627,
"FRA","HRWKD","TOT","HR_WKD","A","1994",1623,
"FRA","HRWKD","TOT","HR_WKD","A","1995",1601,
"FRA","HRWKD","TOT","HR_WKD","A","1996",1597,
"FRA","HRWKD","TOT","HR_WKD","A","1997",1596,
"FRA","HRWKD","TOT","HR_WKD","A","1998",1585,
"FRA","HRWKD","TOT","HR_WKD","A","1999",1578,
"FRA","HRWKD","TOT","HR_WKD","A","2000",1558,
"FRA","HRWKD","TOT","HR_WKD","A","2001",1538,
"FRA","HRWKD","TOT","HR_WKD","A","2002",1504,
"FRA","HRWKD","TOT","HR_WKD","A","2003",1507,
"FRA","HRWKD","TOT","HR_WKD","A","2004",1531,
"FRA","HRWKD","TOT","HR_WKD","A","2005",1532,
"FRA","HRWKD","TOT","HR_WKD","A","2006",1515,
"FRA","HRWKD","TOT","HR_WKD","A","2007",1537,
"FRA","HRWKD","TOT","HR_WKD","A","2008",1543,
"FRA","HRWKD","TOT","HR_WKD","A","2009",1531,
"FRA","HRWKD","TOT","HR_WKD","A","2010",1540,
"FRA","HRWKD","TOT","HR_WKD","A","2011",1546,
"FRA","HRWKD","TOT","HR_WKD","A","2012",1541,
"FRA","HRWKD","TOT","HR_WKD","A","2013",1526,
"FRA","HRWKD","TOT","HR_WKD","A","2014",1518,
"FRA","HRWKD","TOT","HR_WKD","A","2015",1519,
"FRA","HRWKD","TOT","HR_WKD","A","2016",1526,
"FRA","HRWKD","TOT","HR_WKD","A","2017",1522,
"FRA","HRWKD","TOT","HR_WKD","A","2018",1520,
"DEU","HRWKD","TOT","HR_WKD","A","1991",1553.5,
"DEU","HRWKD","TOT","HR_WKD","A","1992",1564.7,
"DEU","HRWKD","TOT","HR_WKD","A","1993",1541.6,
"DEU","HRWKD","TOT","HR_WKD","A","1994",1537.3,
"DEU","HRWKD","TOT","HR_WKD","A","1995",1528,
"DEU","HRWKD","TOT","HR_WKD","A","1996",1510.5,
"DEU","HRWKD","TOT","HR_WKD","A","1997",1499.6,
"DEU","HRWKD","TOT","HR_WKD","A","1998",1493.6,
"DEU","HRWKD","TOT","HR_WKD","A","1999",1478.7,
"DEU","HRWKD","TOT","HR_WKD","A","2000",1452,
"DEU","HRWKD","TOT","HR_WKD","A","2001",1441.9,
"DEU","HRWKD","TOT","HR_WKD","A","2002",1430.9,
"DEU","HRWKD","TOT","HR_WKD","A","2003",1424.8,
"DEU","HRWKD","TOT","HR_WKD","A","2004",1422.2,
"DEU","HRWKD","TOT","HR_WKD","A","2005",1411.3,
"DEU","HRWKD","TOT","HR_WKD","A","2006",1424.7,
"DEU","HRWKD","TOT","HR_WKD","A","2007",1424.4,
"DEU","HRWKD","TOT","HR_WKD","A","2008",1418.4,
"DEU","HRWKD","TOT","HR_WKD","A","2009",1372.7,
"DEU","HRWKD","TOT","HR_WKD","A","2010",1389.9,
"DEU","HRWKD","TOT","HR_WKD","A","2011",1392.8,
"DEU","HRWKD","TOT","HR_WKD","A","2012",1375,
"DEU","HRWKD","TOT","HR_WKD","A","2013",1362.7,
"DEU","HRWKD","TOT","HR_WKD","A","2014",1366.9,
"DEU","HRWKD","TOT","HR_WKD","A","2015",1369.8,
"DEU","HRWKD","TOT","HR_WKD","A","2016",1362.8,
"DEU","HRWKD","TOT","HR_WKD","A","2017",1360.4,
"DEU","HRWKD","TOT","HR_WKD","A","2018",1362.6,
"GRC","HRWKD","TOT","HR_WKD","A","1983",2091,
"GRC","HRWKD","TOT","HR_WKD","A","1984",2021,
"GRC","HRWKD","TOT","HR_WKD","A","1985",2039,
"GRC","HRWKD","TOT","HR_WKD","A","1986",2027,
"GRC","HRWKD","TOT","HR_WKD","A","1987",1986,
"GRC","HRWKD","TOT","HR_WKD","A","1988",1974,
"GRC","HRWKD","TOT","HR_WKD","A","1989",2016,
"GRC","HRWKD","TOT","HR_WKD","A","1990",1994,
"GRC","HRWKD","TOT","HR_WKD","A","1991",2023,
"GRC","HRWKD","TOT","HR_WKD","A","1992",2050,
"GRC","HRWKD","TOT","HR_WKD","A","1993",2070,
"GRC","HRWKD","TOT","HR_WKD","A","1994",2037,
"GRC","HRWKD","TOT","HR_WKD","A","1995",2019,
"GRC","HRWKD","TOT","HR_WKD","A","1996",2018,
"GRC","HRWKD","TOT","HR_WKD","A","1997",2016,
"GRC","HRWKD","TOT","HR_WKD","A","1998",2017,
"GRC","HRWKD","TOT","HR_WKD","A","1999",2014,
"GRC","HRWKD","TOT","HR_WKD","A","2000",2016,
"GRC","HRWKD","TOT","HR_WKD","A","2001",2010,
"GRC","HRWKD","TOT","HR_WKD","A","2002",2002,
"GRC","HRWKD","TOT","HR_WKD","A","2003",2001,
"GRC","HRWKD","TOT","HR_WKD","A","2004",1992,
"GRC","HRWKD","TOT","HR_WKD","A","2005",2044,
"GRC","HRWKD","TOT","HR_WKD","A","2006",2033,
"GRC","HRWKD","TOT","HR_WKD","A","2007",2019,
"GRC","HRWKD","TOT","HR_WKD","A","2008",2015,
"GRC","HRWKD","TOT","HR_WKD","A","2009",1991,
"GRC","HRWKD","TOT","HR_WKD","A","2010",1932,
"GRC","HRWKD","TOT","HR_WKD","A","2011",1949,
"GRC","HRWKD","TOT","HR_WKD","A","2012",1966,
"GRC","HRWKD","TOT","HR_WKD","A","2013",1970,
"GRC","HRWKD","TOT","HR_WKD","A","2014",1933,
"GRC","HRWKD","TOT","HR_WKD","A","2015",1943,
"GRC","HRWKD","TOT","HR_WKD","A","2016",1942,
"GRC","HRWKD","TOT","HR_WKD","A","2017",1956,
"GRC","HRWKD","TOT","HR_WKD","A","2018",1956,
"HUN","HRWKD","TOT","HR_WKD","A","1995",1820,
"HUN","HRWKD","TOT","HR_WKD","A","1996",1814,
"HUN","HRWKD","TOT","HR_WKD","A","1997",1836,
"HUN","HRWKD","TOT","HR_WKD","A","1998",1836,
"HUN","HRWKD","TOT","HR_WKD","A","1999",1851,
"HUN","HRWKD","TOT","HR_WKD","A","2000",1845,
"HUN","HRWKD","TOT","HR_WKD","A","2001",1809,
"HUN","HRWKD","TOT","HR_WKD","A","2002",1820,
"HUN","HRWKD","TOT","HR_WKD","A","2003",1795,
"HUN","HRWKD","TOT","HR_WKD","A","2004",1802,
"HUN","HRWKD","TOT","HR_WKD","A","2005",1803,
"HUN","HRWKD","TOT","HR_WKD","A","2006",1800,
"HUN","HRWKD","TOT","HR_WKD","A","2007",1795,
"HUN","HRWKD","TOT","HR_WKD","A","2008",1798,
"HUN","HRWKD","TOT","HR_WKD","A","2009",1781,
"HUN","HRWKD","TOT","HR_WKD","A","2010",1777,
"HUN","HRWKD","TOT","HR_WKD","A","2011",1769.9,
"HUN","HRWKD","TOT","HR_WKD","A","2012",1750,
"HUN","HRWKD","TOT","HR_WKD","A","2013",1744.6,
"HUN","HRWKD","TOT","HR_WKD","A","2014",1751.7,
"HUN","HRWKD","TOT","HR_WKD","A","2015",1748.7,
"HUN","HRWKD","TOT","HR_WKD","A","2016",1760,
"HUN","HRWKD","TOT","HR_WKD","A","2017",1741.3,
"HUN","HRWKD","TOT","HR_WKD","A","2018",1741.1,
"ISL","HRWKD","TOT","HR_WKD","A","1970",1957,
"ISL","HRWKD","TOT","HR_WKD","A","1971",1919,
"ISL","HRWKD","TOT","HR_WKD","A","1972",1887,
"ISL","HRWKD","TOT","HR_WKD","A","1973",1869,
"ISL","HRWKD","TOT","HR_WKD","A","1974",1845,
"ISL","HRWKD","TOT","HR_WKD","A","1975",1820,
"ISL","HRWKD","TOT","HR_WKD","A","1976",1793,
"ISL","HRWKD","TOT","HR_WKD","A","1977",1752,
"ISL","HRWKD","TOT","HR_WKD","A","1978",1713,
"ISL","HRWKD","TOT","HR_WKD","A","1979",1701,
"ISL","HRWKD","TOT","HR_WKD","A","1980",1691,
"ISL","HRWKD","TOT","HR_WKD","A","1981",1684,
"ISL","HRWKD","TOT","HR_WKD","A","1982",1687,
"ISL","HRWKD","TOT","HR_WKD","A","1983",1687,
"ISL","HRWKD","TOT","HR_WKD","A","1984",1685,
"ISL","HRWKD","TOT","HR_WKD","A","1985",1684,
"ISL","HRWKD","TOT","HR_WKD","A","1986",1677,
"ISL","HRWKD","TOT","HR_WKD","A","1987",1675,
"ISL","HRWKD","TOT","HR_WKD","A","1988",1683,
"ISL","HRWKD","TOT","HR_WKD","A","1989",1678,
"ISL","HRWKD","TOT","HR_WKD","A","1990",1668,
"ISL","HRWKD","TOT","HR_WKD","A","1991",1672,
"ISL","HRWKD","TOT","HR_WKD","A","1992",1672,
"ISL","HRWKD","TOT","HR_WKD","A","1993",1686,
"ISL","HRWKD","TOT","HR_WKD","A","1994",1658,
"ISL","HRWKD","TOT","HR_WKD","A","1995",1644,
"ISL","HRWKD","TOT","HR_WKD","A","1996",1662,
"ISL","HRWKD","TOT","HR_WKD","A","1997",1687,
"ISL","HRWKD","TOT","HR_WKD","A","1998",1668,
"ISL","HRWKD","TOT","HR_WKD","A","1999",1648,
"ISL","HRWKD","TOT","HR_WKD","A","2000",1699,
"ISL","HRWKD","TOT","HR_WKD","A","2001",1710,
"ISL","HRWKD","TOT","HR_WKD","A","2002",1675,
"ISL","HRWKD","TOT","HR_WKD","A","2003",1642,
"ISL","HRWKD","TOT","HR_WKD","A","2004",1648,
"ISL","HRWKD","TOT","HR_WKD","A","2005",1640,
"ISL","HRWKD","TOT","HR_WKD","A","2006",1630,
"ISL","HRWKD","TOT","HR_WKD","A","2007",1608,
"ISL","HRWKD","TOT","HR_WKD","A","2008",1610,
"ISL","HRWKD","TOT","HR_WKD","A","2009",1523,
"ISL","HRWKD","TOT","HR_WKD","A","2010",1514,
"ISL","HRWKD","TOT","HR_WKD","A","2011",1524,
"ISL","HRWKD","TOT","HR_WKD","A","2012",1510,
"ISL","HRWKD","TOT","HR_WKD","A","2013",1510,
"ISL","HRWKD","TOT","HR_WKD","A","2014",1503,
"ISL","HRWKD","TOT","HR_WKD","A","2015",1504,
"ISL","HRWKD","TOT","HR_WKD","A","2016",1494,
"ISL","HRWKD","TOT","HR_WKD","A","2017",1483,
"ISL","HRWKD","TOT","HR_WKD","A","2018",1469,
"IRL","HRWKD","TOT","HR_WKD","A","1998",1845,
"IRL","HRWKD","TOT","HR_WKD","A","1999",1835,
"IRL","HRWKD","TOT","HR_WKD","A","2000",1826,
"IRL","HRWKD","TOT","HR_WKD","A","2001",1818,
"IRL","HRWKD","TOT","HR_WKD","A","2002",1800,
"IRL","HRWKD","TOT","HR_WKD","A","2003",1783,
"IRL","HRWKD","TOT","HR_WKD","A","2004",1772,
"IRL","HRWKD","TOT","HR_WKD","A","2005",1780,
"IRL","HRWKD","TOT","HR_WKD","A","2006",1776,
"IRL","HRWKD","TOT","HR_WKD","A","2007",1763,
"IRL","HRWKD","TOT","HR_WKD","A","2008",1743,
"IRL","HRWKD","TOT","HR_WKD","A","2009",1713,
"IRL","HRWKD","TOT","HR_WKD","A","2010",1702,
"IRL","HRWKD","TOT","HR_WKD","A","2011",1702,
"IRL","HRWKD","TOT","HR_WKD","A","2012",1707,
"IRL","HRWKD","TOT","HR_WKD","A","2013",1720,
"IRL","HRWKD","TOT","HR_WKD","A","2014",1731,
"IRL","HRWKD","TOT","HR_WKD","A","2015",1741,
"IRL","HRWKD","TOT","HR_WKD","A","2016",1739,
"IRL","HRWKD","TOT","HR_WKD","A","2017",1738,
"IRL","HRWKD","TOT","HR_WKD","A","2018",1782,
"ITA","HRWKD","TOT","HR_WKD","A","1995",1856.1,
"ITA","HRWKD","TOT","HR_WKD","A","1996",1866.1,
"ITA","HRWKD","TOT","HR_WKD","A","1997",1860.1,
"ITA","HRWKD","TOT","HR_WKD","A","1998",1873.8,
"ITA","HRWKD","TOT","HR_WKD","A","1999",1870.4,
"ITA","HRWKD","TOT","HR_WKD","A","2000",1850.8,
"ITA","HRWKD","TOT","HR_WKD","A","2001",1837.8,
"ITA","HRWKD","TOT","HR_WKD","A","2002",1826.6,
"ITA","HRWKD","TOT","HR_WKD","A","2003",1815.8,
"ITA","HRWKD","TOT","HR_WKD","A","2004",1815.3,
"ITA","HRWKD","TOT","HR_WKD","A","2005",1812.1,
"ITA","HRWKD","TOT","HR_WKD","A","2006",1812.6,
"ITA","HRWKD","TOT","HR_WKD","A","2007",1818.2,
"ITA","HRWKD","TOT","HR_WKD","A","2008",1807,
"ITA","HRWKD","TOT","HR_WKD","A","2009",1775.7,
"ITA","HRWKD","TOT","HR_WKD","A","2010",1777.3,
"ITA","HRWKD","TOT","HR_WKD","A","2011",1773.3,
"ITA","HRWKD","TOT","HR_WKD","A","2012",1734.2,
"ITA","HRWKD","TOT","HR_WKD","A","2013",1719.5,
"ITA","HRWKD","TOT","HR_WKD","A","2014",1717.1,
"ITA","HRWKD","TOT","HR_WKD","A","2015",1718,
"ITA","HRWKD","TOT","HR_WKD","A","2016",1721.7,
"ITA","HRWKD","TOT","HR_WKD","A","2017",1719,
"ITA","HRWKD","TOT","HR_WKD","A","2018",1722.6,
"JPN","HRWKD","TOT","HR_WKD","A","1970",2243,
"JPN","HRWKD","TOT","HR_WKD","A","1971",2239,
"JPN","HRWKD","TOT","HR_WKD","A","1972",2228,
"JPN","HRWKD","TOT","HR_WKD","A","1973",2201,
"JPN","HRWKD","TOT","HR_WKD","A","1974",2137,
"JPN","HRWKD","TOT","HR_WKD","A","1975",2112,
"JPN","HRWKD","TOT","HR_WKD","A","1976",2128,
"JPN","HRWKD","TOT","HR_WKD","A","1977",2129,
"JPN","HRWKD","TOT","HR_WKD","A","1978",2123,
"JPN","HRWKD","TOT","HR_WKD","A","1979",2126,
"JPN","HRWKD","TOT","HR_WKD","A","1980",2121,
"JPN","HRWKD","TOT","HR_WKD","A","1981",2106,
"JPN","HRWKD","TOT","HR_WKD","A","1982",2104,
"JPN","HRWKD","TOT","HR_WKD","A","1983",2095,
"JPN","HRWKD","TOT","HR_WKD","A","1984",2108,
"JPN","HRWKD","TOT","HR_WKD","A","1985",2093,
"JPN","HRWKD","TOT","HR_WKD","A","1986",2097,
"JPN","HRWKD","TOT","HR_WKD","A","1987",2096,
"JPN","HRWKD","TOT","HR_WKD","A","1988",2092,
"JPN","HRWKD","TOT","HR_WKD","A","1989",2070,
"JPN","HRWKD","TOT","HR_WKD","A","1990",2031,
"JPN","HRWKD","TOT","HR_WKD","A","1991",1998,
"JPN","HRWKD","TOT","HR_WKD","A","1992",1965,
"JPN","HRWKD","TOT","HR_WKD","A","1993",1905,
"JPN","HRWKD","TOT","HR_WKD","A","1994",1898,
"JPN","HRWKD","TOT","HR_WKD","A","1995",1884,
"JPN","HRWKD","TOT","HR_WKD","A","1996",1892,
"JPN","HRWKD","TOT","HR_WKD","A","1997",1865,
"JPN","HRWKD","TOT","HR_WKD","A","1998",1842,
"JPN","HRWKD","TOT","HR_WKD","A","1999",1810,
"JPN","HRWKD","TOT","HR_WKD","A","2000",1821,
"JPN","HRWKD","TOT","HR_WKD","A","2001",1809,
"JPN","HRWKD","TOT","HR_WKD","A","2002",1798,
"JPN","HRWKD","TOT","HR_WKD","A","2003",1799,
"JPN","HRWKD","TOT","HR_WKD","A","2004",1787,
"JPN","HRWKD","TOT","HR_WKD","A","2005",1775,
"JPN","HRWKD","TOT","HR_WKD","A","2006",1784,
"JPN","HRWKD","TOT","HR_WKD","A","2007",1785,
"JPN","HRWKD","TOT","HR_WKD","A","2008",1771,
"JPN","HRWKD","TOT","HR_WKD","A","2009",1714,
"JPN","HRWKD","TOT","HR_WKD","A","2010",1733,
"JPN","HRWKD","TOT","HR_WKD","A","2011",1728,
"JPN","HRWKD","TOT","HR_WKD","A","2012",1745,
"JPN","HRWKD","TOT","HR_WKD","A","2013",1734,
"JPN","HRWKD","TOT","HR_WKD","A","2014",1729,
"JPN","HRWKD","TOT","HR_WKD","A","2015",1719,
"JPN","HRWKD","TOT","HR_WKD","A","2016",1714,
"JPN","HRWKD","TOT","HR_WKD","A","2017",1709,
"JPN","HRWKD","TOT","HR_WKD","A","2018",1680,
"KOR","HRWKD","TOT","HR_WKD","A","2008",2228,
"KOR","HRWKD","TOT","HR_WKD","A","2009",2174,
"KOR","HRWKD","TOT","HR_WKD","A","2010",2163,
"KOR","HRWKD","TOT","HR_WKD","A","2011",2136,
"KOR","HRWKD","TOT","HR_WKD","A","2012",2119,
"KOR","HRWKD","TOT","HR_WKD","A","2013",2106,
"KOR","HRWKD","TOT","HR_WKD","A","2014",2076,
"KOR","HRWKD","TOT","HR_WKD","A","2015",2083,
"KOR","HRWKD","TOT","HR_WKD","A","2016",2068,
"KOR","HRWKD","TOT","HR_WKD","A","2017",2018,
"KOR","HRWKD","TOT","HR_WKD","A","2018",1993,
"LUX","HRWKD","TOT","HR_WKD","A","1995",1593,
"LUX","HRWKD","TOT","HR_WKD","A","1996",1600,
"LUX","HRWKD","TOT","HR_WKD","A","1997",1598,
"LUX","HRWKD","TOT","HR_WKD","A","1998",1593,
"LUX","HRWKD","TOT","HR_WKD","A","1999",1592,
"LUX","HRWKD","TOT","HR_WKD","A","2000",1603,
"LUX","HRWKD","TOT","HR_WKD","A","2001",1585,
"LUX","HRWKD","TOT","HR_WKD","A","2002",1581,
"LUX","HRWKD","TOT","HR_WKD","A","2003",1579,
"LUX","HRWKD","TOT","HR_WKD","A","2004",1578,
"LUX","HRWKD","TOT","HR_WKD","A","2005",1550,
"LUX","HRWKD","TOT","HR_WKD","A","2006",1552,
"LUX","HRWKD","TOT","HR_WKD","A","2007",1566,
"LUX","HRWKD","TOT","HR_WKD","A","2008",1567,
"LUX","HRWKD","TOT","HR_WKD","A","2009",1517,
"LUX","HRWKD","TOT","HR_WKD","A","2010",1517,
"LUX","HRWKD","TOT","HR_WKD","A","2011",1515,
"LUX","HRWKD","TOT","HR_WKD","A","2012",1508,
"LUX","HRWKD","TOT","HR_WKD","A","2013",1503,
"LUX","HRWKD","TOT","HR_WKD","A","2014",1506,
"LUX","HRWKD","TOT","HR_WKD","A","2015",1514,
"LUX","HRWKD","TOT","HR_WKD","A","2016",1513,
"LUX","HRWKD","TOT","HR_WKD","A","2017",1507,
"LUX","HRWKD","TOT","HR_WKD","A","2018",1506,
"MEX","HRWKD","TOT","HR_WKD","A","1991",2113,
"MEX","HRWKD","TOT","HR_WKD","A","1992",2104,
"MEX","HRWKD","TOT","HR_WKD","A","1993",2112,
"MEX","HRWKD","TOT","HR_WKD","A","1994",2146,
"MEX","HRWKD","TOT","HR_WKD","A","1995",2161,
"MEX","HRWKD","TOT","HR_WKD","A","1996",2192,
"MEX","HRWKD","TOT","HR_WKD","A","1997",2241,
"MEX","HRWKD","TOT","HR_WKD","A","1998",2168,
"MEX","HRWKD","TOT","HR_WKD","A","1999",2242,
"MEX","HRWKD","TOT","HR_WKD","A","2000",2174,
"MEX","HRWKD","TOT","HR_WKD","A","2001",2146,
"MEX","HRWKD","TOT","HR_WKD","A","2002",2196,
"MEX","HRWKD","TOT","HR_WKD","A","2003",2143,
"MEX","HRWKD","TOT","HR_WKD","A","2004",2123,
"MEX","HRWKD","TOT","HR_WKD","A","2005",2105,
"MEX","HRWKD","TOT","HR_WKD","A","2006",2067,
"MEX","HRWKD","TOT","HR_WKD","A","2007",2045,
"MEX","HRWKD","TOT","HR_WKD","A","2008",2105,
"MEX","HRWKD","TOT","HR_WKD","A","2009",1973,
"MEX","HRWKD","TOT","HR_WKD","A","2010",2150,
"MEX","HRWKD","TOT","HR_WKD","A","2011",2121,
"MEX","HRWKD","TOT","HR_WKD","A","2012",2120,
"MEX","HRWKD","TOT","HR_WKD","A","2013",2136,
"MEX","HRWKD","TOT","HR_WKD","A","2014",2134,
"MEX","HRWKD","TOT","HR_WKD","A","2015",2140,
"MEX","HRWKD","TOT","HR_WKD","A","2016",2146,
"MEX","HRWKD","TOT","HR_WKD","A","2017",2148,
"MEX","HRWKD","TOT","HR_WKD","A","2018",2148,
"NLD","HRWKD","TOT","HR_WKD","A","1970",1809,
"NLD","HRWKD","TOT","HR_WKD","A","1971",1777,
"NLD","HRWKD","TOT","HR_WKD","A","1972",1775,
"NLD","HRWKD","TOT","HR_WKD","A","1973",1749,
"NLD","HRWKD","TOT","HR_WKD","A","1974",1696,
"NLD","HRWKD","TOT","HR_WKD","A","1975",1644,
"NLD","HRWKD","TOT","HR_WKD","A","1976",1628,
"NLD","HRWKD","TOT","HR_WKD","A","1977",1608,
"NLD","HRWKD","TOT","HR_WKD","A","1978",1580,
"NLD","HRWKD","TOT","HR_WKD","A","1979",1559,
"NLD","HRWKD","TOT","HR_WKD","A","1980",1556,
"NLD","HRWKD","TOT","HR_WKD","A","1981",1556,
"NLD","HRWKD","TOT","HR_WKD","A","1982",1542,
"NLD","HRWKD","TOT","HR_WKD","A","1983",1527,
"NLD","HRWKD","TOT","HR_WKD","A","1984",1519,
"NLD","HRWKD","TOT","HR_WKD","A","1985",1502,
"NLD","HRWKD","TOT","HR_WKD","A","1986",1488,
"NLD","HRWKD","TOT","HR_WKD","A","1987",1467,
"NLD","HRWKD","TOT","HR_WKD","A","1988",1464,
"NLD","HRWKD","TOT","HR_WKD","A","1989",1459,
"NLD","HRWKD","TOT","HR_WKD","A","1990",1454,
"NLD","HRWKD","TOT","HR_WKD","A","1991",1444,
"NLD","HRWKD","TOT","HR_WKD","A","1992",1451,
"NLD","HRWKD","TOT","HR_WKD","A","1993",1440,
"NLD","HRWKD","TOT","HR_WKD","A","1994",1447,
"NLD","HRWKD","TOT","HR_WKD","A","1995",1482,
"NLD","HRWKD","TOT","HR_WKD","A","1996",1496,
"NLD","HRWKD","TOT","HR_WKD","A","1997",1482,
"NLD","HRWKD","TOT","HR_WKD","A","1998",1479,
"NLD","HRWKD","TOT","HR_WKD","A","1999",1477,
"NLD","HRWKD","TOT","HR_WKD","A","2000",1464,
"NLD","HRWKD","TOT","HR_WKD","A","2001",1454,
"NLD","HRWKD","TOT","HR_WKD","A","2002",1436,
"NLD","HRWKD","TOT","HR_WKD","A","2003",1428,
"NLD","HRWKD","TOT","HR_WKD","A","2004",1448,
"NLD","HRWKD","TOT","HR_WKD","A","2005",1434,
"NLD","HRWKD","TOT","HR_WKD","A","2006",1430,
"NLD","HRWKD","TOT","HR_WKD","A","2007",1429,
"NLD","HRWKD","TOT","HR_WKD","A","2008",1429,
"NLD","HRWKD","TOT","HR_WKD","A","2009",1420,
"NLD","HRWKD","TOT","HR_WKD","A","2010",1420,
"NLD","HRWKD","TOT","HR_WKD","A","2011",1420,
"NLD","HRWKD","TOT","HR_WKD","A","2012",1411,
"NLD","HRWKD","TOT","HR_WKD","A","2013",1415,
"NLD","HRWKD","TOT","HR_WKD","A","2014",1426,
"NLD","HRWKD","TOT","HR_WKD","A","2015",1426,
"NLD","HRWKD","TOT","HR_WKD","A","2016",1438,
"NLD","HRWKD","TOT","HR_WKD","A","2017",1435,
"NLD","HRWKD","TOT","HR_WKD","A","2018",1433,
"NZL","HRWKD","TOT","HR_WKD","A","1986",1834,
"NZL","HRWKD","TOT","HR_WKD","A","1987",1838,
"NZL","HRWKD","TOT","HR_WKD","A","1988",1829,
"NZL","HRWKD","TOT","HR_WKD","A","1989",1820,
"NZL","HRWKD","TOT","HR_WKD","A","1990",1809,
"NZL","HRWKD","TOT","HR_WKD","A","1991",1792,
"NZL","HRWKD","TOT","HR_WKD","A","1992",1799,
"NZL","HRWKD","TOT","HR_WKD","A","1993",1853,
"NZL","HRWKD","TOT","HR_WKD","A","1994",1848,
"NZL","HRWKD","TOT","HR_WKD","A","1995",1841,
"NZL","HRWKD","TOT","HR_WKD","A","1996",1834,
"NZL","HRWKD","TOT","HR_WKD","A","1997",1826,
"NZL","HRWKD","TOT","HR_WKD","A","1998",1829,
"NZL","HRWKD","TOT","HR_WKD","A","1999",1845,
"NZL","HRWKD","TOT","HR_WKD","A","2000",1836,
"NZL","HRWKD","TOT","HR_WKD","A","2001",1825,
"NZL","HRWKD","TOT","HR_WKD","A","2002",1826,
"NZL","HRWKD","TOT","HR_WKD","A","2003",1823,
"NZL","HRWKD","TOT","HR_WKD","A","2004",1830,
"NZL","HRWKD","TOT","HR_WKD","A","2005",1815,
"NZL","HRWKD","TOT","HR_WKD","A","2006",1795,
"NZL","HRWKD","TOT","HR_WKD","A","2007",1774,
"NZL","HRWKD","TOT","HR_WKD","A","2008",1761,
"NZL","HRWKD","TOT","HR_WKD","A","2009",1740,
"NZL","HRWKD","TOT","HR_WKD","A","2010",1755,
"NZL","HRWKD","TOT","HR_WKD","A","2011",1746,
"NZL","HRWKD","TOT","HR_WKD","A","2012",1734,
"NZL","HRWKD","TOT","HR_WKD","A","2013",1752,
"NZL","HRWKD","TOT","HR_WKD","A","2014",1762,
"NZL","HRWKD","TOT","HR_WKD","A","2015",1757,
"NZL","HRWKD","TOT","HR_WKD","A","2016",1752,
"NZL","HRWKD","TOT","HR_WKD","A","2017",1753,
"NZL","HRWKD","TOT","HR_WKD","A","2018",1756,
"NOR","HRWKD","TOT","HR_WKD","A","1962",1995,
"NOR","HRWKD","TOT","HR_WKD","A","1963",1986,
"NOR","HRWKD","TOT","HR_WKD","A","1964",1996,
"NOR","HRWKD","TOT","HR_WKD","A","1965",1951,
"NOR","HRWKD","TOT","HR_WKD","A","1966",1952,
"NOR","HRWKD","TOT","HR_WKD","A","1967",1936,
"NOR","HRWKD","TOT","HR_WKD","A","1968",1897,
"NOR","HRWKD","TOT","HR_WKD","A","1969",1849,
"NOR","HRWKD","TOT","HR_WKD","A","1970",1835,
"NOR","HRWKD","TOT","HR_WKD","A","1971",1813,
"NOR","HRWKD","TOT","HR_WKD","A","1972",1780,
"NOR","HRWKD","TOT","HR_WKD","A","1973",1766,
"NOR","HRWKD","TOT","HR_WKD","A","1974",1745,
"NOR","HRWKD","TOT","HR_WKD","A","1975",1728,
"NOR","HRWKD","TOT","HR_WKD","A","1976",1674,
"NOR","HRWKD","TOT","HR_WKD","A","1977",1638,
"NOR","HRWKD","TOT","HR_WKD","A","1978",1602,
"NOR","HRWKD","TOT","HR_WKD","A","1979",1580,
"NOR","HRWKD","TOT","HR_WKD","A","1980",1580,
"NOR","HRWKD","TOT","HR_WKD","A","1981",1570,
"NOR","HRWKD","TOT","HR_WKD","A","1982",1559,
"NOR","HRWKD","TOT","HR_WKD","A","1983",1553,
"NOR","HRWKD","TOT","HR_WKD","A","1984",1548,
"NOR","HRWKD","TOT","HR_WKD","A","1985",1542,
"NOR","HRWKD","TOT","HR_WKD","A","1986",1538,
"NOR","HRWKD","TOT","HR_WKD","A","1987",1511,
"NOR","HRWKD","TOT","HR_WKD","A","1988",1513,
"NOR","HRWKD","TOT","HR_WKD","A","1989",1511,
"NOR","HRWKD","TOT","HR_WKD","A","1990",1503,
"NOR","HRWKD","TOT","HR_WKD","A","1991",1500,
"NOR","HRWKD","TOT","HR_WKD","A","1992",1510,
"NOR","HRWKD","TOT","HR_WKD","A","1993",1507,
"NOR","HRWKD","TOT","HR_WKD","A","1994",1505,
"NOR","HRWKD","TOT","HR_WKD","A","1995",1488,
"NOR","HRWKD","TOT","HR_WKD","A","1996",1483,
"NOR","HRWKD","TOT","HR_WKD","A","1997",1478,
"NOR","HRWKD","TOT","HR_WKD","A","1998",1476,
"NOR","HRWKD","TOT","HR_WKD","A","1999",1473,
"NOR","HRWKD","TOT","HR_WKD","A","2000",1455,
"NOR","HRWKD","TOT","HR_WKD","A","2001",1429,
"NOR","HRWKD","TOT","HR_WKD","A","2002",1414,
"NOR","HRWKD","TOT","HR_WKD","A","2003",1400.7,
"NOR","HRWKD","TOT","HR_WKD","A","2004",1420.5,
"NOR","HRWKD","TOT","HR_WKD","A","2005",1422.8,
"NOR","HRWKD","TOT","HR_WKD","A","2006",1419.8,
"NOR","HRWKD","TOT","HR_WKD","A","2007",1426,
"NOR","HRWKD","TOT","HR_WKD","A","2008",1429.5,
"NOR","HRWKD","TOT","HR_WKD","A","2009",1406.8,
"NOR","HRWKD","TOT","HR_WKD","A","2010",1415.3,
"NOR","HRWKD","TOT","HR_WKD","A","2011",1421.1,
"NOR","HRWKD","TOT","HR_WKD","A","2012",1419.7,
"NOR","HRWKD","TOT","HR_WKD","A","2013",1408.1,
"NOR","HRWKD","TOT","HR_WKD","A","2014",1426.9,
"NOR","HRWKD","TOT","HR_WKD","A","2015",1423.9,
"NOR","HRWKD","TOT","HR_WKD","A","2016",1424.4,
"NOR","HRWKD","TOT","HR_WKD","A","2017",1419.1,
"NOR","HRWKD","TOT","HR_WKD","A","2018",1416.4,
"POL","HRWKD","TOT","HR_WKD","A","1995",1943,
"POL","HRWKD","TOT","HR_WKD","A","1996",1931,
"POL","HRWKD","TOT","HR_WKD","A","1997",1909,
"POL","HRWKD","TOT","HR_WKD","A","1998",1906,
"POL","HRWKD","TOT","HR_WKD","A","1999",1846,
"POL","HRWKD","TOT","HR_WKD","A","2000",1863,
"POL","HRWKD","TOT","HR_WKD","A","2001",1865,
"POL","HRWKD","TOT","HR_WKD","A","2002",1860,
"POL","HRWKD","TOT","HR_WKD","A","2003",1865,
"POL","HRWKD","TOT","HR_WKD","A","2004",1866,
"POL","HRWKD","TOT","HR_WKD","A","2005",1861,
"POL","HRWKD","TOT","HR_WKD","A","2006",1862,
"POL","HRWKD","TOT","HR_WKD","A","2007",1859,
"POL","HRWKD","TOT","HR_WKD","A","2008",1852,
"POL","HRWKD","TOT","HR_WKD","A","2009",1838,
"POL","HRWKD","TOT","HR_WKD","A","2010",1834,
"POL","HRWKD","TOT","HR_WKD","A","2011",1829,
"POL","HRWKD","TOT","HR_WKD","A","2012",1824,
"POL","HRWKD","TOT","HR_WKD","A","2013",1821,
"POL","HRWKD","TOT","HR_WKD","A","2014",1827,
"POL","HRWKD","TOT","HR_WKD","A","2015",1834,
"POL","HRWKD","TOT","HR_WKD","A","2016",1836,
"POL","HRWKD","TOT","HR_WKD","A","2017",1815,
"POL","HRWKD","TOT","HR_WKD","A","2018",1792,
"PRT","HRWKD","TOT","HR_WKD","A","1970",1956,
"PRT","HRWKD","TOT","HR_WKD","A","1971",1943,
"PRT","HRWKD","TOT","HR_WKD","A","1972",1931,
"PRT","HRWKD","TOT","HR_WKD","A","1973",1919,
"PRT","HRWKD","TOT","HR_WKD","A","1974",1907,
"PRT","HRWKD","TOT","HR_WKD","A","1975",1896,
"PRT","HRWKD","TOT","HR_WKD","A","1976",1885,
"PRT","HRWKD","TOT","HR_WKD","A","1977",1874,
"PRT","HRWKD","TOT","HR_WKD","A","1978",1863,
"PRT","HRWKD","TOT","HR_WKD","A","1979",1852,
"PRT","HRWKD","TOT","HR_WKD","A","1980",1842,
"PRT","HRWKD","TOT","HR_WKD","A","1981",1831,
"PRT","HRWKD","TOT","HR_WKD","A","1982",1820,
"PRT","HRWKD","TOT","HR_WKD","A","1983",1810,
"PRT","HRWKD","TOT","HR_WKD","A","1984",1799,
"PRT","HRWKD","TOT","HR_WKD","A","1985",1789,
"PRT","HRWKD","TOT","HR_WKD","A","1986",1778,
"PRT","HRWKD","TOT","HR_WKD","A","1987",1793,
"PRT","HRWKD","TOT","HR_WKD","A","1988",1792,
"PRT","HRWKD","TOT","HR_WKD","A","1989",1811,
"PRT","HRWKD","TOT","HR_WKD","A","1990",1799,
"PRT","HRWKD","TOT","HR_WKD","A","1991",1733,
"PRT","HRWKD","TOT","HR_WKD","A","1992",1676,
"PRT","HRWKD","TOT","HR_WKD","A","1993",1678,
"PRT","HRWKD","TOT","HR_WKD","A","1994",1685,
"PRT","HRWKD","TOT","HR_WKD","A","1995",1739,
"PRT","HRWKD","TOT","HR_WKD","A","1996",1740,
"PRT","HRWKD","TOT","HR_WKD","A","1997",1735,
"PRT","HRWKD","TOT","HR_WKD","A","1998",1750,
"PRT","HRWKD","TOT","HR_WKD","A","1999",1751,
"PRT","HRWKD","TOT","HR_WKD","A","2000",1760,
"PRT","HRWKD","TOT","HR_WKD","A","2001",1745,
"PRT","HRWKD","TOT","HR_WKD","A","2002",1739,
"PRT","HRWKD","TOT","HR_WKD","A","2003",1733,
"PRT","HRWKD","TOT","HR_WKD","A","2004",1738,
"PRT","HRWKD","TOT","HR_WKD","A","2005",1740,
"PRT","HRWKD","TOT","HR_WKD","A","2006",1729,
"PRT","HRWKD","TOT","HR_WKD","A","2007",1745,
"PRT","HRWKD","TOT","HR_WKD","A","2008",1733,
"PRT","HRWKD","TOT","HR_WKD","A","2009",1733,
"PRT","HRWKD","TOT","HR_WKD","A","2010",1735,
"PRT","HRWKD","TOT","HR_WKD","A","2011",1714,
"PRT","HRWKD","TOT","HR_WKD","A","2012",1698,
"PRT","HRWKD","TOT","HR_WKD","A","2013",1707,
"PRT","HRWKD","TOT","HR_WKD","A","2014",1714,
"PRT","HRWKD","TOT","HR_WKD","A","2015",1722,
"PRT","HRWKD","TOT","HR_WKD","A","2016",1725,
"PRT","HRWKD","TOT","HR_WKD","A","2017",1727,
"PRT","HRWKD","TOT","HR_WKD","A","2018",1722,
"SVK","HRWKD","TOT","HR_WKD","A","1995",1853,
"SVK","HRWKD","TOT","HR_WKD","A","1996",1820,
"SVK","HRWKD","TOT","HR_WKD","A","1997",1830,
"SVK","HRWKD","TOT","HR_WKD","A","1998",1822,
"SVK","HRWKD","TOT","HR_WKD","A","1999",1816,
"SVK","HRWKD","TOT","HR_WKD","A","2000",1816,
"SVK","HRWKD","TOT","HR_WKD","A","2001",1801,
"SVK","HRWKD","TOT","HR_WKD","A","2002",1754,
"SVK","HRWKD","TOT","HR_WKD","A","2003",1698,
"SVK","HRWKD","TOT","HR_WKD","A","2004",1742,
"SVK","HRWKD","TOT","HR_WKD","A","2005",1769,
"SVK","HRWKD","TOT","HR_WKD","A","2006",1774,
"SVK","HRWKD","TOT","HR_WKD","A","2007",1791,
"SVK","HRWKD","TOT","HR_WKD","A","2008",1793,
"SVK","HRWKD","TOT","HR_WKD","A","2009",1780,
"SVK","HRWKD","TOT","HR_WKD","A","2010",1805,
"SVK","HRWKD","TOT","HR_WKD","A","2011",1793,
"SVK","HRWKD","TOT","HR_WKD","A","2012",1789,
"SVK","HRWKD","TOT","HR_WKD","A","2013",1772,
"SVK","HRWKD","TOT","HR_WKD","A","2014",1760,
"SVK","HRWKD","TOT","HR_WKD","A","2015",1754,
"SVK","HRWKD","TOT","HR_WKD","A","2016",1740,
"SVK","HRWKD","TOT","HR_WKD","A","2017",1714,
"SVK","HRWKD","TOT","HR_WKD","A","2018",1698,
"ESP","HRWKD","TOT","HR_WKD","A","1977",2036.3,
"ESP","HRWKD","TOT","HR_WKD","A","1978",2004.9,
"ESP","HRWKD","TOT","HR_WKD","A","1979",1954.3,
"ESP","HRWKD","TOT","HR_WKD","A","1980",1936,
"ESP","HRWKD","TOT","HR_WKD","A","1981",1901.64,
"ESP","HRWKD","TOT","HR_WKD","A","1982",1880.3,
"ESP","HRWKD","TOT","HR_WKD","A","1983",1847.9,
"ESP","HRWKD","TOT","HR_WKD","A","1984",1803.4,
"ESP","HRWKD","TOT","HR_WKD","A","1985",1793.3,
"ESP","HRWKD","TOT","HR_WKD","A","1986",1785.2,
"ESP","HRWKD","TOT","HR_WKD","A","1987",1777.1,
"ESP","HRWKD","TOT","HR_WKD","A","1988",1773,
"ESP","HRWKD","TOT","HR_WKD","A","1989",1760.9,
"ESP","HRWKD","TOT","HR_WKD","A","1990",1762.9,
"ESP","HRWKD","TOT","HR_WKD","A","1991",1772,
"ESP","HRWKD","TOT","HR_WKD","A","1992",1763.9,
"ESP","HRWKD","TOT","HR_WKD","A","1993",1755.8,
"ESP","HRWKD","TOT","HR_WKD","A","1994",1754.8,
"ESP","HRWKD","TOT","HR_WKD","A","1995",1754.8,
"ESP","HRWKD","TOT","HR_WKD","A","1996",1749.7,
"ESP","HRWKD","TOT","HR_WKD","A","1997",1749.7,
"ESP","HRWKD","TOT","HR_WKD","A","1998",1753.8,
"ESP","HRWKD","TOT","HR_WKD","A","1999",1753.8,
"ESP","HRWKD","TOT","HR_WKD","A","2000",1752.8,
"ESP","HRWKD","TOT","HR_WKD","A","2001",1762.5,
"ESP","HRWKD","TOT","HR_WKD","A","2002",1764.6,
"ESP","HRWKD","TOT","HR_WKD","A","2003",1755.9,
"ESP","HRWKD","TOT","HR_WKD","A","2004",1741.5,
"ESP","HRWKD","TOT","HR_WKD","A","2005",1725.6,
"ESP","HRWKD","TOT","HR_WKD","A","2006",1715.7,
"ESP","HRWKD","TOT","HR_WKD","A","2007",1703.5,
"ESP","HRWKD","TOT","HR_WKD","A","2008",1712.6,
"ESP","HRWKD","TOT","HR_WKD","A","2009",1719.7,
"ESP","HRWKD","TOT","HR_WKD","A","2010",1710.4,
"ESP","HRWKD","TOT","HR_WKD","A","2011",1715.5,
"ESP","HRWKD","TOT","HR_WKD","A","2012",1701.2,
"ESP","HRWKD","TOT","HR_WKD","A","2013",1693.5,
"ESP","HRWKD","TOT","HR_WKD","A","2014",1694.6,
"ESP","HRWKD","TOT","HR_WKD","A","2015",1699.6,
"ESP","HRWKD","TOT","HR_WKD","A","2016",1701.5,
"ESP","HRWKD","TOT","HR_WKD","A","2017",1690.2,
"ESP","HRWKD","TOT","HR_WKD","A","2018",1701,
"SWE","HRWKD","TOT","HR_WKD","A","1950",1842,
"SWE","HRWKD","TOT","HR_WKD","A","1951",1833,
"SWE","HRWKD","TOT","HR_WKD","A","1952",1833,
"SWE","HRWKD","TOT","HR_WKD","A","1953",1815,
"SWE","HRWKD","TOT","HR_WKD","A","1954",1825,
"SWE","HRWKD","TOT","HR_WKD","A","1955",1815,
"SWE","HRWKD","TOT","HR_WKD","A","1956",1792,
"SWE","HRWKD","TOT","HR_WKD","A","1957",1792,
"SWE","HRWKD","TOT","HR_WKD","A","1958",1763,
"SWE","HRWKD","TOT","HR_WKD","A","1959",1739,
"SWE","HRWKD","TOT","HR_WKD","A","1960",1735,
"SWE","HRWKD","TOT","HR_WKD","A","1961",1737,
"SWE","HRWKD","TOT","HR_WKD","A","1962",1726,
"SWE","HRWKD","TOT","HR_WKD","A","1963",1720,
"SWE","HRWKD","TOT","HR_WKD","A","1964",1692,
"SWE","HRWKD","TOT","HR_WKD","A","1965",1682,
"SWE","HRWKD","TOT","HR_WKD","A","1966",1669,
"SWE","HRWKD","TOT","HR_WKD","A","1967",1641,
"SWE","HRWKD","TOT","HR_WKD","A","1968",1601,
"SWE","HRWKD","TOT","HR_WKD","A","1969",1580,
"SWE","HRWKD","TOT","HR_WKD","A","1970",1580,
"SWE","HRWKD","TOT","HR_WKD","A","1971",1551,
"SWE","HRWKD","TOT","HR_WKD","A","1972",1515,
"SWE","HRWKD","TOT","HR_WKD","A","1973",1500,
"SWE","HRWKD","TOT","HR_WKD","A","1974",1483,
"SWE","HRWKD","TOT","HR_WKD","A","1975",1461,
"SWE","HRWKD","TOT","HR_WKD","A","1976",1469,
"SWE","HRWKD","TOT","HR_WKD","A","1977",1444,
"SWE","HRWKD","TOT","HR_WKD","A","1978",1408,
"SWE","HRWKD","TOT","HR_WKD","A","1979",1398,
"SWE","HRWKD","TOT","HR_WKD","A","1980",1399,
"SWE","HRWKD","TOT","HR_WKD","A","1981",1391,
"SWE","HRWKD","TOT","HR_WKD","A","1982",1404,
"SWE","HRWKD","TOT","HR_WKD","A","1983",1412,
"SWE","HRWKD","TOT","HR_WKD","A","1984",1414,
"SWE","HRWKD","TOT","HR_WKD","A","1985",1418,
"SWE","HRWKD","TOT","HR_WKD","A","1986",1416,
"SWE","HRWKD","TOT","HR_WKD","A","1987",1426,
"SWE","HRWKD","TOT","HR_WKD","A","1988",1444,
"SWE","HRWKD","TOT","HR_WKD","A","1989",1443,
"SWE","HRWKD","TOT","HR_WKD","A","1990",1439,
"SWE","HRWKD","TOT","HR_WKD","A","1991",1427,
"SWE","HRWKD","TOT","HR_WKD","A","1992",1443,
"SWE","HRWKD","TOT","HR_WKD","A","1993",1459,
"SWE","HRWKD","TOT","HR_WKD","A","1994",1494,
"SWE","HRWKD","TOT","HR_WKD","A","1995",1498,
"SWE","HRWKD","TOT","HR_WKD","A","1996",1510,
"SWE","HRWKD","TOT","HR_WKD","A","1997",1515,
"SWE","HRWKD","TOT","HR_WKD","A","1998",1513,
"SWE","HRWKD","TOT","HR_WKD","A","1999",1521,
"SWE","HRWKD","TOT","HR_WKD","A","2000",1500,
"SWE","HRWKD","TOT","HR_WKD","A","2001",1478,
"SWE","HRWKD","TOT","HR_WKD","A","2002",1457,
"SWE","HRWKD","TOT","HR_WKD","A","2003",1445,
"SWE","HRWKD","TOT","HR_WKD","A","2004",1467,
"SWE","HRWKD","TOT","HR_WKD","A","2005",1466,
"SWE","HRWKD","TOT","HR_WKD","A","2006",1461,
"SWE","HRWKD","TOT","HR_WKD","A","2007",1472,
"SWE","HRWKD","TOT","HR_WKD","A","2008",1477,
"SWE","HRWKD","TOT","HR_WKD","A","2009",1470,
"SWE","HRWKD","TOT","HR_WKD","A","2010",1494,
"SWE","HRWKD","TOT","HR_WKD","A","2011",1491,
"SWE","HRWKD","TOT","HR_WKD","A","2012",1478,
"SWE","HRWKD","TOT","HR_WKD","A","2013",1470,
"SWE","HRWKD","TOT","HR_WKD","A","2014",1470,
"SWE","HRWKD","TOT","HR_WKD","A","2015",1471,
"SWE","HRWKD","TOT","HR_WKD","A","2016",1482,
"SWE","HRWKD","TOT","HR_WKD","A","2017",1470,
"SWE","HRWKD","TOT","HR_WKD","A","2018",1474,
"CHE","HRWKD","TOT","HR_WKD","A","1991",1718.1,
"CHE","HRWKD","TOT","HR_WKD","A","1992",1725.4,
"CHE","HRWKD","TOT","HR_WKD","A","1993",1720.4,
"CHE","HRWKD","TOT","HR_WKD","A","1994",1739.7,
"CHE","HRWKD","TOT","HR_WKD","A","1995",1720.3,
"CHE","HRWKD","TOT","HR_WKD","A","1996",1696.9,
"CHE","HRWKD","TOT","HR_WKD","A","1997",1687.5,
"CHE","HRWKD","TOT","HR_WKD","A","1998",1695.5,
"CHE","HRWKD","TOT","HR_WKD","A","1999",1717.4,
"CHE","HRWKD","TOT","HR_WKD","A","2000",1712.7,
"CHE","HRWKD","TOT","HR_WKD","A","2001",1672.8,
"CHE","HRWKD","TOT","HR_WKD","A","2002",1651.3,
"CHE","HRWKD","TOT","HR_WKD","A","2003",1664.5,
"CHE","HRWKD","TOT","HR_WKD","A","2004",1695,
"CHE","HRWKD","TOT","HR_WKD","A","2005",1690,
"CHE","HRWKD","TOT","HR_WKD","A","2006",1679.2,
"CHE","HRWKD","TOT","HR_WKD","A","2007",1668.9,
"CHE","HRWKD","TOT","HR_WKD","A","2008",1659.5,
"CHE","HRWKD","TOT","HR_WKD","A","2009",1650.8,
"CHE","HRWKD","TOT","HR_WKD","A","2010",1624.3,
"CHE","HRWKD","TOT","HR_WKD","A","2011",1619.3,
"CHE","HRWKD","TOT","HR_WKD","A","2012",1603.2,
"CHE","HRWKD","TOT","HR_WKD","A","2013",1582.9,
"CHE","HRWKD","TOT","HR_WKD","A","2014",1575.3,
"CHE","HRWKD","TOT","HR_WKD","A","2015",1589.5,
"CHE","HRWKD","TOT","HR_WKD","A","2016",1589.7,
"CHE","HRWKD","TOT","HR_WKD","A","2017",1570,
"CHE","HRWKD","TOT","HR_WKD","A","2018",1458.8,
"TUR","HRWKD","TOT","HR_WKD","A","1970",2086,
"TUR","HRWKD","TOT","HR_WKD","A","1971",2077,
"TUR","HRWKD","TOT","HR_WKD","A","1972",2069,
"TUR","HRWKD","TOT","HR_WKD","A","1973",2060,
"TUR","HRWKD","TOT","HR_WKD","A","1974",2044,
"TUR","HRWKD","TOT","HR_WKD","A","1975",2028,
"TUR","HRWKD","TOT","HR_WKD","A","1976",2012,
"TUR","HRWKD","TOT","HR_WKD","A","1977",1996,
"TUR","HRWKD","TOT","HR_WKD","A","1978",1980,
"TUR","HRWKD","TOT","HR_WKD","A","1979",1964,
"TUR","HRWKD","TOT","HR_WKD","A","1980",1957,
"TUR","HRWKD","TOT","HR_WKD","A","1981",1950,
"TUR","HRWKD","TOT","HR_WKD","A","1982",1943,
"TUR","HRWKD","TOT","HR_WKD","A","1983",1935,
"TUR","HRWKD","TOT","HR_WKD","A","1984",1871,
"TUR","HRWKD","TOT","HR_WKD","A","1985",1898,
"TUR","HRWKD","TOT","HR_WKD","A","1986",1883,
"TUR","HRWKD","TOT","HR_WKD","A","1987",1844,
"TUR","HRWKD","TOT","HR_WKD","A","1988",1837,
"TUR","HRWKD","TOT","HR_WKD","A","1989",1867,
"TUR","HRWKD","TOT","HR_WKD","A","1990",1866,
"TUR","HRWKD","TOT","HR_WKD","A","1991",1870,
"TUR","HRWKD","TOT","HR_WKD","A","1992",1897,
"TUR","HRWKD","TOT","HR_WKD","A","1993",1917,
"TUR","HRWKD","TOT","HR_WKD","A","1994",1886,
"TUR","HRWKD","TOT","HR_WKD","A","1995",1876,
"TUR","HRWKD","TOT","HR_WKD","A","1996",1892,
"TUR","HRWKD","TOT","HR_WKD","A","1997",1878,
"TUR","HRWKD","TOT","HR_WKD","A","1998",1884,
"TUR","HRWKD","TOT","HR_WKD","A","1999",1925,
"TUR","HRWKD","TOT","HR_WKD","A","2000",1937,
"TUR","HRWKD","TOT","HR_WKD","A","2001",1942,
"TUR","HRWKD","TOT","HR_WKD","A","2002",1943,
"TUR","HRWKD","TOT","HR_WKD","A","2003",1943,
"TUR","HRWKD","TOT","HR_WKD","A","2004",1918,
"TUR","HRWKD","TOT","HR_WKD","A","2005",1936,
"TUR","HRWKD","TOT","HR_WKD","A","2006",1944,
"TUR","HRWKD","TOT","HR_WKD","A","2007",1911,
"TUR","HRWKD","TOT","HR_WKD","A","2008",1900,
"TUR","HRWKD","TOT","HR_WKD","A","2009",1881,
"TUR","HRWKD","TOT","HR_WKD","A","2010",1877,
"TUR","HRWKD","TOT","HR_WKD","A","2011",1864.22,
"TUR","HRWKD","TOT","HR_WKD","A","2012",1855.06,
"TUR","HRWKD","TOT","HR_WKD","A","2013",1832,
"TUR","HRWKD","TOT","HR_WKD","A","2014",1832,
"TUR","HRWKD","TOT","HR_WKD","A","2015",1832,
"GBR","HRWKD","TOT","HR_WKD","A","1970",1779,
"GBR","HRWKD","TOT","HR_WKD","A","1971",1744,
"GBR","HRWKD","TOT","HR_WKD","A","1972",1713,
"GBR","HRWKD","TOT","HR_WKD","A","1973",1765,
"GBR","HRWKD","TOT","HR_WKD","A","1974",1729,
"GBR","HRWKD","TOT","HR_WKD","A","1975",1724,
"GBR","HRWKD","TOT","HR_WKD","A","1976",1709,
"GBR","HRWKD","TOT","HR_WKD","A","1977",1691,
"GBR","HRWKD","TOT","HR_WKD","A","1978",1673,
"GBR","HRWKD","TOT","HR_WKD","A","1979",1665,
"GBR","HRWKD","TOT","HR_WKD","A","1980",1623,
"GBR","HRWKD","TOT","HR_WKD","A","1981",1571,
"GBR","HRWKD","TOT","HR_WKD","A","1982",1585,
"GBR","HRWKD","TOT","HR_WKD","A","1983",1572,
"GBR","HRWKD","TOT","HR_WKD","A","1984",1586,
"GBR","HRWKD","TOT","HR_WKD","A","1985",1617,
"GBR","HRWKD","TOT","HR_WKD","A","1986",1620,
"GBR","HRWKD","TOT","HR_WKD","A","1987",1609,
"GBR","HRWKD","TOT","HR_WKD","A","1988",1646,
"GBR","HRWKD","TOT","HR_WKD","A","1989",1635,
"GBR","HRWKD","TOT","HR_WKD","A","1990",1621,
"GBR","HRWKD","TOT","HR_WKD","A","1991",1619,
"GBR","HRWKD","TOT","HR_WKD","A","1992",1586,
"GBR","HRWKD","TOT","HR_WKD","A","1993",1581,
"GBR","HRWKD","TOT","HR_WKD","A","1994",1590,
"GBR","HRWKD","TOT","HR_WKD","A","1995",1594,
"GBR","HRWKD","TOT","HR_WKD","A","1996",1596,
"GBR","HRWKD","TOT","HR_WKD","A","1997",1575,
"GBR","HRWKD","TOT","HR_WKD","A","1998",1589,
"GBR","HRWKD","TOT","HR_WKD","A","1999",1581,
"GBR","HRWKD","TOT","HR_WKD","A","2000",1569,
"GBR","HRWKD","TOT","HR_WKD","A","2001",1569,
"GBR","HRWKD","TOT","HR_WKD","A","2002",1553,
"GBR","HRWKD","TOT","HR_WKD","A","2003",1542,
"GBR","HRWKD","TOT","HR_WKD","A","2004",1528,
"GBR","HRWKD","TOT","HR_WKD","A","2005",1545,
"GBR","HRWKD","TOT","HR_WKD","A","2006",1539,
"GBR","HRWKD","TOT","HR_WKD","A","2007",1541,
"GBR","HRWKD","TOT","HR_WKD","A","2008",1521,
"GBR","HRWKD","TOT","HR_WKD","A","2009",1516,
"GBR","HRWKD","TOT","HR_WKD","A","2010",1506,
"GBR","HRWKD","TOT","HR_WKD","A","2011",1518,
"GBR","HRWKD","TOT","HR_WKD","A","2012",1531,
"GBR","HRWKD","TOT","HR_WKD","A","2013",1541,
"GBR","HRWKD","TOT","HR_WKD","A","2014",1547,
"GBR","HRWKD","TOT","HR_WKD","A","2015",1531,
"GBR","HRWKD","TOT","HR_WKD","A","2016",1545,
"GBR","HRWKD","TOT","HR_WKD","A","2017",1543,
"GBR","HRWKD","TOT","HR_WKD","A","2018",1538,
"USA","HRWKD","TOT","HR_WKD","A","1950",1968,
"USA","HRWKD","TOT","HR_WKD","A","1951",1987,
"USA","HRWKD","TOT","HR_WKD","A","1952",1988,
"USA","HRWKD","TOT","HR_WKD","A","1953",1993,
"USA","HRWKD","TOT","HR_WKD","A","1954",1984,
"USA","HRWKD","TOT","HR_WKD","A","1955",2003,
"USA","HRWKD","TOT","HR_WKD","A","1956",2002,
"USA","HRWKD","TOT","HR_WKD","A","1957",1973,
"USA","HRWKD","TOT","HR_WKD","A","1958",1947,
"USA","HRWKD","TOT","HR_WKD","A","1959",1958,
"USA","HRWKD","TOT","HR_WKD","A","1960",1952,
"USA","HRWKD","TOT","HR_WKD","A","1961",1941,
"USA","HRWKD","TOT","HR_WKD","A","1962",1960,
"USA","HRWKD","TOT","HR_WKD","A","1963",1972,
"USA","HRWKD","TOT","HR_WKD","A","1964",1975,
"USA","HRWKD","TOT","HR_WKD","A","1965",1984,
"USA","HRWKD","TOT","HR_WKD","A","1966",1974,
"USA","HRWKD","TOT","HR_WKD","A","1967",1951,
"USA","HRWKD","TOT","HR_WKD","A","1968",1940,
"USA","HRWKD","TOT","HR_WKD","A","1969",1938,
"USA","HRWKD","TOT","HR_WKD","A","1970",1907,
"USA","HRWKD","TOT","HR_WKD","A","1971",1894,
"USA","HRWKD","TOT","HR_WKD","A","1972",1890,
"USA","HRWKD","TOT","HR_WKD","A","1973",1891,
"USA","HRWKD","TOT","HR_WKD","A","1974",1860,
"USA","HRWKD","TOT","HR_WKD","A","1975",1839,
"USA","HRWKD","TOT","HR_WKD","A","1976",1841,
"USA","HRWKD","TOT","HR_WKD","A","1977",1844,
"USA","HRWKD","TOT","HR_WKD","A","1978",1836,
"USA","HRWKD","TOT","HR_WKD","A","1979",1834,
"USA","HRWKD","TOT","HR_WKD","A","1980",1816,
"USA","HRWKD","TOT","HR_WKD","A","1981",1812,
"USA","HRWKD","TOT","HR_WKD","A","1982",1803,
"USA","HRWKD","TOT","HR_WKD","A","1983",1822,
"USA","HRWKD","TOT","HR_WKD","A","1984",1839,
"USA","HRWKD","TOT","HR_WKD","A","1985",1838,
"USA","HRWKD","TOT","HR_WKD","A","1986",1829,
"USA","HRWKD","TOT","HR_WKD","A","1987",1839,
"USA","HRWKD","TOT","HR_WKD","A","1988",1837,
"USA","HRWKD","TOT","HR_WKD","A","1989",1848,
"USA","HRWKD","TOT","HR_WKD","A","1990",1833,
"USA","HRWKD","TOT","HR_WKD","A","1991",1823,
"USA","HRWKD","TOT","HR_WKD","A","1992",1822,
"USA","HRWKD","TOT","HR_WKD","A","1993",1830,
"USA","HRWKD","TOT","HR_WKD","A","1994",1839,
"USA","HRWKD","TOT","HR_WKD","A","1995",1839,
"USA","HRWKD","TOT","HR_WKD","A","1996",1840,
"USA","HRWKD","TOT","HR_WKD","A","1997",1844,
"USA","HRWKD","TOT","HR_WKD","A","1998",1842,
"USA","HRWKD","TOT","HR_WKD","A","1999",1839,
"USA","HRWKD","TOT","HR_WKD","A","2000",1832,
"USA","HRWKD","TOT","HR_WKD","A","2001",1811,
"USA","HRWKD","TOT","HR_WKD","A","2002",1806,
"USA","HRWKD","TOT","HR_WKD","A","2003",1796,
"USA","HRWKD","TOT","HR_WKD","A","2004",1798,
"USA","HRWKD","TOT","HR_WKD","A","2005",1794,
"USA","HRWKD","TOT","HR_WKD","A","2006",1796,
"USA","HRWKD","TOT","HR_WKD","A","2007",1795,
"USA","HRWKD","TOT","HR_WKD","A","2008",1787,
"USA","HRWKD","TOT","HR_WKD","A","2009",1762,
"USA","HRWKD","TOT","HR_WKD","A","2010",1773,
"USA","HRWKD","TOT","HR_WKD","A","2011",1780,
"USA","HRWKD","TOT","HR_WKD","A","2012",1783,
"USA","HRWKD","TOT","HR_WKD","A","2013",1781,
"USA","HRWKD","TOT","HR_WKD","A","2014",1784,
"USA","HRWKD","TOT","HR_WKD","A","2015",1785,
"USA","HRWKD","TOT","HR_WKD","A","2016",1781,
"USA","HRWKD","TOT","HR_WKD","A","2017",1780,
"USA","HRWKD","TOT","HR_WKD","A","2018",1786,
"CHL","HRWKD","TOT","HR_WKD","A","1986",2399,
"CHL","HRWKD","TOT","HR_WKD","A","1987",2405,
"CHL","HRWKD","TOT","HR_WKD","A","1988",2411,
"CHL","HRWKD","TOT","HR_WKD","A","1989",2416,
"CHL","HRWKD","TOT","HR_WKD","A","1990",2422,
"CHL","HRWKD","TOT","HR_WKD","A","1991",2419,
"CHL","HRWKD","TOT","HR_WKD","A","1992",2415,
"CHL","HRWKD","TOT","HR_WKD","A","1993",2389,
"CHL","HRWKD","TOT","HR_WKD","A","1994",2364,
"CHL","HRWKD","TOT","HR_WKD","A","1995",2338,
"CHL","HRWKD","TOT","HR_WKD","A","1996",2313,
"CHL","HRWKD","TOT","HR_WKD","A","1997",2256,
"CHL","HRWKD","TOT","HR_WKD","A","1998",2299,
"CHL","HRWKD","TOT","HR_WKD","A","1999",2277,
"CHL","HRWKD","TOT","HR_WKD","A","2000",2263,
"CHL","HRWKD","TOT","HR_WKD","A","2001",2242,
"CHL","HRWKD","TOT","HR_WKD","A","2002",2250,
"CHL","HRWKD","TOT","HR_WKD","A","2003",2235,
"CHL","HRWKD","TOT","HR_WKD","A","2004",2232,
"CHL","HRWKD","TOT","HR_WKD","A","2005",2157,
"CHL","HRWKD","TOT","HR_WKD","A","2006",2165,
"CHL","HRWKD","TOT","HR_WKD","A","2007",2128,
"CHL","HRWKD","TOT","HR_WKD","A","2008",2095,
"CHL","HRWKD","TOT","HR_WKD","A","2009",2074,
"CHL","HRWKD","TOT","HR_WKD","A","2010",2070,
"CHL","HRWKD","TOT","HR_WKD","A","2011",2047,
"CHL","HRWKD","TOT","HR_WKD","A","2012",2024,
"CHL","HRWKD","TOT","HR_WKD","A","2013",2015,
"CHL","HRWKD","TOT","HR_WKD","A","2014",1990,
"CHL","HRWKD","TOT","HR_WKD","A","2015",1988,
"CHL","HRWKD","TOT","HR_WKD","A","2016",1974,
"CHL","HRWKD","TOT","HR_WKD","A","2017",1954,
"CHL","HRWKD","TOT","HR_WKD","A","2018",1941,
"EST","HRWKD","TOT","HR_WKD","A","2000",1909,
"EST","HRWKD","TOT","HR_WKD","A","2001",1902,
"EST","HRWKD","TOT","HR_WKD","A","2002",1904,
"EST","HRWKD","TOT","HR_WKD","A","2003",1910,
"EST","HRWKD","TOT","HR_WKD","A","2004",1918,
"EST","HRWKD","TOT","HR_WKD","A","2005",1939,
"EST","HRWKD","TOT","HR_WKD","A","2006",1932,
"EST","HRWKD","TOT","HR_WKD","A","2007",1929,
"EST","HRWKD","TOT","HR_WKD","A","2008",1900,
"EST","HRWKD","TOT","HR_WKD","A","2009",1769,
"EST","HRWKD","TOT","HR_WKD","A","2010",1810,
"EST","HRWKD","TOT","HR_WKD","A","2011",1852,
"EST","HRWKD","TOT","HR_WKD","A","2012",1820,
"EST","HRWKD","TOT","HR_WKD","A","2013",1801,
"EST","HRWKD","TOT","HR_WKD","A","2014",1795,
"EST","HRWKD","TOT","HR_WKD","A","2015",1788,
"EST","HRWKD","TOT","HR_WKD","A","2016",1791,
"EST","HRWKD","TOT","HR_WKD","A","2017",1792,
"EST","HRWKD","TOT","HR_WKD","A","2018",1748,
"ISR","HRWKD","TOT","HR_WKD","A","1981",1966,
"ISR","HRWKD","TOT","HR_WKD","A","1982",1942.3,
"ISR","HRWKD","TOT","HR_WKD","A","1983",1929.14,
"ISR","HRWKD","TOT","HR_WKD","A","1984",1932.24,
"ISR","HRWKD","TOT","HR_WKD","A","1985",1932.08,
"ISR","HRWKD","TOT","HR_WKD","A","1986",1927.03,
"ISR","HRWKD","TOT","HR_WKD","A","1987",1921.24,
"ISR","HRWKD","TOT","HR_WKD","A","1988",1878.14,
"ISR","HRWKD","TOT","HR_WKD","A","1989",1909.09,
"ISR","HRWKD","TOT","HR_WKD","A","1990",1904,
"ISR","HRWKD","TOT","HR_WKD","A","1991",1897.32,
"ISR","HRWKD","TOT","HR_WKD","A","1992",1951.24,
"ISR","HRWKD","TOT","HR_WKD","A","1993",1953,
"ISR","HRWKD","TOT","HR_WKD","A","1994",1993.13,
"ISR","HRWKD","TOT","HR_WKD","A","1995",2013.79,
"ISR","HRWKD","TOT","HR_WKD","A","1996",2031,
"ISR","HRWKD","TOT","HR_WKD","A","1997",2036.3,
"ISR","HRWKD","TOT","HR_WKD","A","1998",2011.93,
"ISR","HRWKD","TOT","HR_WKD","A","1999",2021.09,
"ISR","HRWKD","TOT","HR_WKD","A","2000",2032.9,
"ISR","HRWKD","TOT","HR_WKD","A","2001",1996.14,
"ISR","HRWKD","TOT","HR_WKD","A","2002",2014.29,
"ISR","HRWKD","TOT","HR_WKD","A","2003",1997.45,
"ISR","HRWKD","TOT","HR_WKD","A","2004",1974.97,
"ISR","HRWKD","TOT","HR_WKD","A","2005",1966.42,
"ISR","HRWKD","TOT","HR_WKD","A","2006",1955.03,
"ISR","HRWKD","TOT","HR_WKD","A","2007",1966.46,
"ISR","HRWKD","TOT","HR_WKD","A","2008",1963.32,
"ISR","HRWKD","TOT","HR_WKD","A","2009",1962.48,
"ISR","HRWKD","TOT","HR_WKD","A","2010",1956.53,
"ISR","HRWKD","TOT","HR_WKD","A","2011",1947.24,
"ISR","HRWKD","TOT","HR_WKD","A","2012",1918.77,
"ISR","HRWKD","TOT","HR_WKD","A","2013",1908.2,
"ISR","HRWKD","TOT","HR_WKD","A","2014",1894.53,
"ISR","HRWKD","TOT","HR_WKD","A","2015",1895.41,
"ISR","HRWKD","TOT","HR_WKD","A","2016",1922.08,
"ISR","HRWKD","TOT","HR_WKD","A","2017",1917.98,
"ISR","HRWKD","TOT","HR_WKD","A","2018",1910.13,
"RUS","HRWKD","TOT","HR_WKD","A","1992",1933,
"RUS","HRWKD","TOT","HR_WKD","A","1993",1939,
"RUS","HRWKD","TOT","HR_WKD","A","1994",1895,
"RUS","HRWKD","TOT","HR_WKD","A","1995",1891,
"RUS","HRWKD","TOT","HR_WKD","A","1996",1894,
"RUS","HRWKD","TOT","HR_WKD","A","1997",1951,
"RUS","HRWKD","TOT","HR_WKD","A","1998",1946,
"RUS","HRWKD","TOT","HR_WKD","A","1999",1964,
"RUS","HRWKD","TOT","HR_WKD","A","2000",1982,
"RUS","HRWKD","TOT","HR_WKD","A","2001",1980,
"RUS","HRWKD","TOT","HR_WKD","A","2002",1982,
"RUS","HRWKD","TOT","HR_WKD","A","2003",1993,
"RUS","HRWKD","TOT","HR_WKD","A","2004",1993,
"RUS","HRWKD","TOT","HR_WKD","A","2005",1989,
"RUS","HRWKD","TOT","HR_WKD","A","2006",1998,
"RUS","HRWKD","TOT","HR_WKD","A","2007",1999,
"RUS","HRWKD","TOT","HR_WKD","A","2008",1997,
"RUS","HRWKD","TOT","HR_WKD","A","2009",1974,
"RUS","HRWKD","TOT","HR_WKD","A","2010",1976,
"RUS","HRWKD","TOT","HR_WKD","A","2011",1979,
"RUS","HRWKD","TOT","HR_WKD","A","2012",1982,
"RUS","HRWKD","TOT","HR_WKD","A","2013",1980,
"RUS","HRWKD","TOT","HR_WKD","A","2014",1985,
"RUS","HRWKD","TOT","HR_WKD","A","2015",1978,
"RUS","HRWKD","TOT","HR_WKD","A","2016",1974,
"RUS","HRWKD","TOT","HR_WKD","A","2017",1980,
"RUS","HRWKD","TOT","HR_WKD","A","2018",1972,
"SVN","HRWKD","TOT","HR_WKD","A","1995",1755,
"SVN","HRWKD","TOT","HR_WKD","A","1996",1727,
"SVN","HRWKD","TOT","HR_WKD","A","1997",1715,
"SVN","HRWKD","TOT","HR_WKD","A","1998",1728,
"SVN","HRWKD","TOT","HR_WKD","A","1999",1730,
"SVN","HRWKD","TOT","HR_WKD","A","2000",1710.1,
"SVN","HRWKD","TOT","HR_WKD","A","2001",1695.9,
"SVN","HRWKD","TOT","HR_WKD","A","2002",1720.5,
"SVN","HRWKD","TOT","HR_WKD","A","2003",1723.8,
"SVN","HRWKD","TOT","HR_WKD","A","2004",1736.6,
"SVN","HRWKD","TOT","HR_WKD","A","2005",1696.6,
"SVN","HRWKD","TOT","HR_WKD","A","2006",1667.5,
"SVN","HRWKD","TOT","HR_WKD","A","2007",1654.9,
"SVN","HRWKD","TOT","HR_WKD","A","2008",1673.7,
"SVN","HRWKD","TOT","HR_WKD","A","2009",1678.8,
"SVN","HRWKD","TOT","HR_WKD","A","2010",1680.1,
"SVN","HRWKD","TOT","HR_WKD","A","2011",1663.2,
"SVN","HRWKD","TOT","HR_WKD","A","2012",1644.6,
"SVN","HRWKD","TOT","HR_WKD","A","2013",1662.4,
"SVN","HRWKD","TOT","HR_WKD","A","2014",1681.9,
"SVN","HRWKD","TOT","HR_WKD","A","2015",1687.8,
"SVN","HRWKD","TOT","HR_WKD","A","2016",1652.9,
"SVN","HRWKD","TOT","HR_WKD","A","2017",1621.7,
"SVN","HRWKD","TOT","HR_WKD","A","2018",1602.8,
"OECD","HRWKD","TOT","HR_WKD","A","1970",1945,
"OECD","HRWKD","TOT","HR_WKD","A","1971",1937,
"OECD","HRWKD","TOT","HR_WKD","A","1972",1928,
"OECD","HRWKD","TOT","HR_WKD","A","1973",1926,
"OECD","HRWKD","TOT","HR_WKD","A","1974",1904,
"OECD","HRWKD","TOT","HR_WKD","A","1975",1892,
"OECD","HRWKD","TOT","HR_WKD","A","1976",1895,
"OECD","HRWKD","TOT","HR_WKD","A","1977",1890,
"OECD","HRWKD","TOT","HR_WKD","A","1978",1882,
"OECD","HRWKD","TOT","HR_WKD","A","1979",1878,
"OECD","HRWKD","TOT","HR_WKD","A","1980",1868,
"OECD","HRWKD","TOT","HR_WKD","A","1981",1859,
"OECD","HRWKD","TOT","HR_WKD","A","1982",1852,
"OECD","HRWKD","TOT","HR_WKD","A","1983",1853,
"OECD","HRWKD","TOT","HR_WKD","A","1984",1855,
"OECD","HRWKD","TOT","HR_WKD","A","1985",1853,
"OECD","HRWKD","TOT","HR_WKD","A","1986",1849,
"OECD","HRWKD","TOT","HR_WKD","A","1987",1849,
"OECD","HRWKD","TOT","HR_WKD","A","1988",1850,
"OECD","HRWKD","TOT","HR_WKD","A","1989",1849,
"OECD","HRWKD","TOT","HR_WKD","A","1990",1838,
"OECD","HRWKD","TOT","HR_WKD","A","1991",1830,
"OECD","HRWKD","TOT","HR_WKD","A","1992",1826,
"OECD","HRWKD","TOT","HR_WKD","A","1993",1820,
"OECD","HRWKD","TOT","HR_WKD","A","1994",1824,
"OECD","HRWKD","TOT","HR_WKD","A","1995",1822,
"OECD","HRWKD","TOT","HR_WKD","A","1996",1826,
"OECD","HRWKD","TOT","HR_WKD","A","1997",1824,
"OECD","HRWKD","TOT","HR_WKD","A","1998",1816,
"OECD","HRWKD","TOT","HR_WKD","A","1999",1813,
"OECD","HRWKD","TOT","HR_WKD","A","2000",1804,
"OECD","HRWKD","TOT","HR_WKD","A","2001",1790,
"OECD","HRWKD","TOT","HR_WKD","A","2002",1786,
"OECD","HRWKD","TOT","HR_WKD","A","2003",1777,
"OECD","HRWKD","TOT","HR_WKD","A","2004",1776,
"OECD","HRWKD","TOT","HR_WKD","A","2005",1772,
"OECD","HRWKD","TOT","HR_WKD","A","2006",1770,
"OECD","HRWKD","TOT","HR_WKD","A","2007",1768,
"OECD","HRWKD","TOT","HR_WKD","A","2008",1766,
"OECD","HRWKD","TOT","HR_WKD","A","2009",1731,
"OECD","HRWKD","TOT","HR_WKD","A","2010",1751,
"OECD","HRWKD","TOT","HR_WKD","A","2011",1750,
"OECD","HRWKD","TOT","HR_WKD","A","2012",1748,
"OECD","HRWKD","TOT","HR_WKD","A","2013",1744,
"OECD","HRWKD","TOT","HR_WKD","A","2014",1742,
"OECD","HRWKD","TOT","HR_WKD","A","2015",1743,
"OECD","HRWKD","TOT","HR_WKD","A","2016",1743,
"OECD","HRWKD","TOT","HR_WKD","A","2017",1737,
"OECD","HRWKD","TOT","HR_WKD","A","2018",1734,
"LVA","HRWKD","TOT","HR_WKD","A","2000",1775,
"LVA","HRWKD","TOT","HR_WKD","A","2001",1785,
"LVA","HRWKD","TOT","HR_WKD","A","2002",1741,
"LVA","HRWKD","TOT","HR_WKD","A","2003",1732,
"LVA","HRWKD","TOT","HR_WKD","A","2004",1687,
"LVA","HRWKD","TOT","HR_WKD","A","2005",1712,
"LVA","HRWKD","TOT","HR_WKD","A","2006",1713,
"LVA","HRWKD","TOT","HR_WKD","A","2007",1687,
"LVA","HRWKD","TOT","HR_WKD","A","2008",1799,
"LVA","HRWKD","TOT","HR_WKD","A","2009",1754,
"LVA","HRWKD","TOT","HR_WKD","A","2010",1738,
"LVA","HRWKD","TOT","HR_WKD","A","2011",1753,
"LVA","HRWKD","TOT","HR_WKD","A","2012",1738,
"LVA","HRWKD","TOT","HR_WKD","A","2013",1732,
"LVA","HRWKD","TOT","HR_WKD","A","2014",1741,
"LVA","HRWKD","TOT","HR_WKD","A","2015",1708,
"LVA","HRWKD","TOT","HR_WKD","A","2016",1709,
"LVA","HRWKD","TOT","HR_WKD","A","2017",1695,
"LVA","HRWKD","TOT","HR_WKD","A","2018",1699,
"LTU","HRWKD","TOT","HR_WKD","A","1995",1508,
"LTU","HRWKD","TOT","HR_WKD","A","1996",1506,
"LTU","HRWKD","TOT","HR_WKD","A","1997",1511,
"LTU","HRWKD","TOT","HR_WKD","A","1998",1552,
"LTU","HRWKD","TOT","HR_WKD","A","1999",1505,
"LTU","HRWKD","TOT","HR_WKD","A","2000",1610,
"LTU","HRWKD","TOT","HR_WKD","A","2001",1597,
"LTU","HRWKD","TOT","HR_WKD","A","2002",1572,
"LTU","HRWKD","TOT","HR_WKD","A","2003",1558,
"LTU","HRWKD","TOT","HR_WKD","A","2004",1638,
"LTU","HRWKD","TOT","HR_WKD","A","2005",1639,
"LTU","HRWKD","TOT","HR_WKD","A","2006",1635,
"LTU","HRWKD","TOT","HR_WKD","A","2007",1660,
"LTU","HRWKD","TOT","HR_WKD","A","2008",1686,
"LTU","HRWKD","TOT","HR_WKD","A","2009",1625,
"LTU","HRWKD","TOT","HR_WKD","A","2010",1643,
"LTU","HRWKD","TOT","HR_WKD","A","2011",1621,
"LTU","HRWKD","TOT","HR_WKD","A","2012",1620,
"LTU","HRWKD","TOT","HR_WKD","A","2013",1606,
"LTU","HRWKD","TOT","HR_WKD","A","2014",1599,
"LTU","HRWKD","TOT","HR_WKD","A","2015",1622,
"LTU","HRWKD","TOT","HR_WKD","A","2016",1644,
"LTU","HRWKD","TOT","HR_WKD","A","2017",1608,
"LTU","HRWKD","TOT","HR_WKD","A","2018",1616,
"CRI","HRWKD","TOT","HR_WKD","A","1987",2366,
"CRI","HRWKD","TOT","HR_WKD","A","1988",2346,
"CRI","HRWKD","TOT","HR_WKD","A","1989",2307,
"CRI","HRWKD","TOT","HR_WKD","A","1990",2358,
"CRI","HRWKD","TOT","HR_WKD","A","1991",2272,
"CRI","HRWKD","TOT","HR_WKD","A","1992",2359,
"CRI","HRWKD","TOT","HR_WKD","A","1993",2346,
"CRI","HRWKD","TOT","HR_WKD","A","1994",2370,
"CRI","HRWKD","TOT","HR_WKD","A","1995",2345,
"CRI","HRWKD","TOT","HR_WKD","A","1996",2387,
"CRI","HRWKD","TOT","HR_WKD","A","1997",2365,
"CRI","HRWKD","TOT","HR_WKD","A","1998",2356,
"CRI","HRWKD","TOT","HR_WKD","A","1999",2370,
"CRI","HRWKD","TOT","HR_WKD","A","2000",2362,
"CRI","HRWKD","TOT","HR_WKD","A","2001",2329,
"CRI","HRWKD","TOT","HR_WKD","A","2002",2357,
"CRI","HRWKD","TOT","HR_WKD","A","2003",2350,
"CRI","HRWKD","TOT","HR_WKD","A","2004",2369,
"CRI","HRWKD","TOT","HR_WKD","A","2005",2352,
"CRI","HRWKD","TOT","HR_WKD","A","2006",2360,
"CRI","HRWKD","TOT","HR_WKD","A","2007",2387,
"CRI","HRWKD","TOT","HR_WKD","A","2008",2392,
"CRI","HRWKD","TOT","HR_WKD","A","2009",2348,
"CRI","HRWKD","TOT","HR_WKD","A","2010",2243.1,
"CRI","HRWKD","TOT","HR_WKD","A","2011",2285.3,
"CRI","HRWKD","TOT","HR_WKD","A","2012",2233.4,
"CRI","HRWKD","TOT","HR_WKD","A","2013",2140.6,
"CRI","HRWKD","TOT","HR_WKD","A","2014",2121.7,
"CRI","HRWKD","TOT","HR_WKD","A","2015",2148.2,
"CRI","HRWKD","TOT","HR_WKD","A","2016",2204.7,
"CRI","HRWKD","TOT","HR_WKD","A","2017",2178.9,
"CRI","HRWKD","TOT","HR_WKD","A","2018",2121,
